source,title,price,listing_url,photo_url,location,search_url,scraped_at,review_status,notes
facebook_marketplace_apify,Kenwood KR-4600 Stereo Receiver,150.00,https://www.facebook.com/marketplace/item/1347467297203015,https://scontent-lga3-3.xx.fbcdn.net/v/t39.84726-6/687119779_4613583612203487_4307631382103700514_n.jpg?stp=c43.0.260.260a_dst-jpg_p261x260_tt6&_nc_cat=102&ccb=1-7&_nc_sid=92e707&_nc_ohc=xV5Ti97XaksQ7kNvwH77PBH&_nc_oc=AdpnUrtJNSKt8T9HPTXdARLbETi-zF2xRgQ0avMb7BD59yT0_Rahh11AGoe5p43MEkE&_nc_zt=14&_nc_ht=scontent-lga3-3.xx&_nc_gid=DqZkcQ2EYVoittbHu9CP8Q&_nc_ss=72289&oh=00_Af4DF4Yw6axzZ6qYwMKedwgP-KoSMiSHHiMZQLDl6CXUuA&oe=69FF2129,"Atlanta, GA",https://www.facebook.com/marketplace/atlanta/search/?query=vintage%20receiver,2026-05-05T03:48:45.078513+00:00,FACEBOOK_ACTIVE_CONTEXT_ONLY,NEEDS_MANUAL_REVIEW | NEEDS_MANUAL_SOLD_COMPS
facebook_marketplace_apify,Vintage Drake Esr 240 Earth Station Receiver Model 2215 Tested Working Satellite,175.00,https://www.facebook.com/marketplace/item/26763227980009102,https://scontent-lga3-3.xx.fbcdn.net/v/t45.5328-4/678864425_1574077677618063_6406913490094473290_n.jpg?stp=c43.0.260.260a_dst-jpg_p261x260_tt6&_nc_cat=104&ccb=1-7&_nc_sid=247b10&_nc_ohc=JhAiNnh7EPcQ7kNvwFx_lBB&_nc_oc=AdoKTbMv-nhTMRI92Ql8Fdjw5IZhIm2OD-lig_x-P2ofs_iX3SnbKr2rC7Znmdd-Rpo&_nc_zt=23&_nc_ht=scontent-lga3-3.xx&_nc_gid=DqZkcQ2EYVoittbHu9CP8Q&_nc_ss=72289&oh=00_Af7HOkjcEm5HEpxwr5SzgsEufvjkGR8A83wbOYMX5nkQYQ&oe=69FF4D3F,"Atlanta, GA",https://www.facebook.com/marketplace/atlanta/search/?query=vintage%20receiver,2026-05-05T03:48:45.078547+00:00,FACEBOOK_ACTIVE_CONTEXT_ONLY,NEEDS_MANUAL_REVIEW | NEEDS_MANUAL_SOLD_COMPS
facebook_marketplace_apify,Marantz 2226B Vintage Receiver,700.00,https://www.facebook.com/marketplace/item/1333758948433380,https://scontent-lga3-2.xx.fbcdn.net/v/t39.84726-6/603848522_2116428252518645_472940469059954941_n.jpg?stp=c277.0.260.260a_dst-jpg_p261x260_tt6&_nc_cat=100&ccb=1-7&_nc_sid=92e707&_nc_ohc=hZKbnhSe408Q7kNvwF1jEdT&_nc_oc=AdqLWYFb59hScD1AczSf1mOu70Kx_UB0MyNySRensN4j9tMsed3M817e2FVlglpllZI&_nc_zt=14&_nc_ht=scontent-lga3-2.xx&_nc_gid=DqZkcQ2EYVoittbHu9CP8Q&_nc_ss=72289&oh=00_Af51UppShcM_WuprbBkI9m25GKbTb6R_s8ttaqVfgozFpA&oe=69FF3064,"Atlanta, GA",https://www.facebook.com/marketplace/atlanta/search/?query=vintage%20receiver,2026-05-05T03:48:45.078557+00:00,FACEBOOK_ACTIVE_CONTEXT_ONLY,NEEDS_MANUAL_REVIEW | NEEDS_MANUAL_SOLD_COMPS
facebook_marketplace_apify,Quick Cash for Vintage Stereo Equipment,67.00,https://www.facebook.com/marketplace/item/1886806332199587,https://scontent-lga3-2.xx.fbcdn.net/v/t39.84726-6/630188646_2060843978041959_7670050653919038241_n.jpg?stp=c43.0.260.260a_dst-jpg_p261x260_tt6&_nc_cat=100&ccb=1-7&_nc_sid=92e707&_nc_ohc=4enQ93dRhUEQ7kNvwFElOGe&_nc_oc=AdooWJdPiotHms5PpC5BpdoehZ6lg2xhEmQgx6qqzu71-rn2eTx_6RiLCw_mtT3I0n8&_nc_zt=14&_nc_ht=scontent-lga3-2.xx&_nc_gid=DqZkcQ2EYVoittbHu9CP8Q&_nc_ss=72289&oh=00_Af4ZSbe5sGVffNstCL_YzlxVCYw-xYMgw85NIEcY5xmyWg&oe=69FF4EE7,"Atlanta, GA",https://www.facebook.com/marketplace/atlanta/search/?query=vintage%20receiver,2026-05-05T03:48:45.078564+00:00,FACEBOOK_ACTIVE_CONTEXT_ONLY,NEEDS_MANUAL_REVIEW | NEEDS_MANUAL_SOLD_COMPS
facebook_marketplace_apify,Vintage Technics SA-5370 Receiver,350.00,https://www.facebook.com/marketplace/item/1695843918252628,https://scontent-lga3-2.xx.fbcdn.net/v/t39.84726-6/650754830_1504524531237959_5832036618734832184_n.jpg?stp=c245.0.260.260a_dst-jpg_p261x260_tt6&_nc_cat=105&ccb=1-7&_nc_sid=92e707&_nc_ohc=qT8dZzXnrPEQ7kNvwHbviDq&_nc_oc=AdrpyAv4zR1lh8mK_b5ym9XQMFXT7M5NsjbkFoqqjMyX95J1Rch6sMFEOxh0jRfZGR8&_nc_zt=14&_nc_ht=scontent-lga3-2.xx&_nc_gid=DqZkcQ2EYVoittbHu9CP8Q&_nc_ss=72289&oh=00_Af7u6WFEC2E_vEB-ilPp72mEWv1JVBm4z7fDiv8tq-Ajfw&oe=69FF5157,"Atlanta, GA",https://www.facebook.com/marketplace/atlanta/search/?query=vintage%20receiver,2026-05-05T03:48:45.078570+00:00,FACEBOOK_ACTIVE_CONTEXT_ONLY,NEEDS_MANUAL_REVIEW | NEEDS_MANUAL_SOLD_COMPS
facebook_marketplace_apify,Kenwood KR-A46 Stereo Receiver,20.00,https://www.facebook.com/marketplace/item/794906973438854,https://scontent-lga3-1.xx.fbcdn.net/v/t39.84726-6/678259530_1240723371378874_3392565962409909695_n.jpg?stp=c152.0.260.260a_dst-jpg_p261x260_tt6&_nc_cat=103&ccb=1-7&_nc_sid=92e707&_nc_ohc=L60pzsb4OcIQ7kNvwHkRw2t&_nc_oc=Adp-oVnic8_w_nT3__HSWNMyPwoLRazy0__u8kpal6S4_4SjDw_4tVZo9uB8vwSG8CI&_nc_zt=14&_nc_ht=scontent-lga3-1.xx&_nc_gid=DqZkcQ2EYVoittbHu9CP8Q&_nc_ss=72289&oh=00_Af5Fm6IzC5zHcd3m7qD7ncm3PpS4fpDlLfLp-XnEz3etEA&oe=69FF2A67,"Atlanta, GA",https://www.facebook.com/marketplace/atlanta/search/?query=vintage%20receiver,2026-05-05T03:48:45.078576+00:00,FACEBOOK_ACTIVE_CONTEXT_ONLY,NEEDS_MANUAL_REVIEW | NEEDS_MANUAL_SOLD_COMPS
facebook_marketplace_apify,Vintage Panasonic Stereo Receiver (SA-507),150.00,https://www.facebook.com/marketplace/item/841814201682295,https://scontent-lga3-1.xx.fbcdn.net/v/t39.84726-6/686970270_1520881986112598_3758915845406079087_n.jpg?stp=c88.0.260.260a_dst-jpg_p261x260_tt6&_nc_cat=109&ccb=1-7&_nc_sid=92e707&_nc_ohc=rQEmd65JUGgQ7kNvwG4yQ29&_nc_oc=AdrMoSjrK0EP6mm_YURySp5W-Tx80W-cqPd911mPC2058FJTQRF5wjTPBj3Mh5VPfWY&_nc_zt=14&_nc_ht=scontent-lga3-1.xx&_nc_gid=DqZkcQ2EYVoittbHu9CP8Q&_nc_ss=72289&oh=00_Af7DoRqt2yx9mlYxmeP92SRpQEYgZONqH5axxHlfWmrb1Q&oe=69FF4F47,"Atlanta, GA",https://www.facebook.com/marketplace/atlanta/search/?query=vintage%20receiver,2026-05-05T03:48:45.078582+00:00,FACEBOOK_ACTIVE_CONTEXT_ONLY,NEEDS_MANUAL_REVIEW | NEEDS_MANUAL_SOLD_COMPS
facebook_marketplace_apify,Vintage amp and receiver,350.00,https://www.facebook.com/marketplace/item/1433025545156338,https://scontent-lga3-2.xx.fbcdn.net/v/t39.84726-6/603924137_819368010562570_2302217913024650317_n.jpg?stp=c43.0.260.260a_dst-jpg_p261x260_tt6&_nc_cat=107&ccb=1-7&_nc_sid=92e707&_nc_ohc=4gRLEgD5r68Q7kNvwGbgk1K&_nc_oc=AdoQhuaXylFpeof4RMPyKDHC1IKa0WeEdzCxL9AyF7m_Ea7mmgtNGKiK4nOH8c1SUC4&_nc_zt=14&_nc_ht=scontent-lga3-2.xx&_nc_gid=DqZkcQ2EYVoittbHu9CP8Q&_nc_ss=72289&oh=00_Af7ywNy5V6z1c2xN5hptDfw4dskk9Liganea-hoP7xPLjQ&oe=69FF2032,"Atlanta, GA",https://www.facebook.com/marketplace/atlanta/search/?query=vintage%20receiver,2026-05-05T03:48:45.078587+00:00,FACEBOOK_ACTIVE_CONTEXT_ONLY,NEEDS_MANUAL_REVIEW | NEEDS_MANUAL_SOLD_COMPS
facebook_marketplace_apify,Vintage Mac G3 Tower 1999,200.00,https://www.facebook.com/marketplace/item/957390107011738,https://scontent-ord5-3.xx.fbcdn.net/v/t39.84726-6/669664726_933568599493527_4667050155062482864_n.jpg?stp=c0.43.261.261a_dst-jpg_p261x260_tt6&_nc_cat=106&ccb=1-7&_nc_sid=92e707&_nc_ohc=4JLXCExQCB4Q7kNvwETRVXj&_nc_oc=AdpRZt29FQImrb68mvRorFCeWlxIQYCIaaf23AMFGwE99eTE1OqvqjwfeIpcn1fdUHI&_nc_zt=14&_nc_ht=scontent-ord5-3.xx&_nc_gid=5ek917op8W2hs_45wDMQog&_nc_ss=72289&oh=00_Af75-I-D1u02w2gwxSWbdioxMbcOg0W5eIAf7Jbt41Y3Cw&oe=69FF3554,"Atlanta, GA",https://www.facebook.com/marketplace/atlanta/search/?query=vintage%20mac,2026-05-05T03:48:45.078593+00:00,FACEBOOK_ACTIVE_CONTEXT_ONLY,NEEDS_MANUAL_REVIEW | NEEDS_MANUAL_SOLD_COMPS
facebook_marketplace_apify,"🖥️ Vintage Apple iMac G3 (Bondi Blue, M5521) – For Repair or Display 💙",100.00,https://www.facebook.com/marketplace/item/974341759106059,https://scontent-ord5-2.xx.fbcdn.net/v/t39.84726-6/667392841_1481722123601793_3921186368449083855_n.jpg?stp=c0.43.261.261a_dst-jpg_p261x260_tt6&_nc_cat=104&ccb=1-7&_nc_sid=92e707&_nc_ohc=HroYCvq7uoUQ7kNvwEvnSf9&_nc_oc=AdrET_aZRSoWlZHb9ECipl6SuNJTIYqaAg4FCRQETzHihNVxpHui9Vt0W8O5Uc54lR8&_nc_zt=14&_nc_ht=scontent-ord5-2.xx&_nc_gid=5ek917op8W2hs_45wDMQog&_nc_ss=72289&oh=00_Af6b3qbeXLPf86e8B1jayuKoWDw6G9aSff-jP6M0S7W9rg&oe=69FF2110,"Atlanta, GA",https://www.facebook.com/marketplace/atlanta/search/?query=vintage%20mac,2026-05-05T03:48:45.078601+00:00,FACEBOOK_ACTIVE_CONTEXT_ONLY,NEEDS_MANUAL_REVIEW | NEEDS_MANUAL_SOLD_COMPS
facebook_marketplace_apify,Apple iMac G4 “Sunflower” Vintage Computer – Fully Working,150.00,https://www.facebook.com/marketplace/item/1729525508458646,https://scontent-ord5-3.xx.fbcdn.net/v/t39.84726-6/680382917_1004520455624527_9184805607650877002_n.jpg?stp=c0.43.261.261a_dst-jpg_p261x260_tt6&_nc_cat=107&ccb=1-7&_nc_sid=92e707&_nc_ohc=h4X2Tz0ca-MQ7kNvwEGOcec&_nc_oc=Adp5wvJfPOYTpwi6Fo8WzPWcWp4_dJ-Dqfdzs_QJGLC2rfWy8m-JeqCk5qHf_IOLC-Y&_nc_zt=14&_nc_ht=scontent-ord5-3.xx&_nc_gid=5ek917op8W2hs_45wDMQog&_nc_ss=72289&oh=00_Af6XhdODBS8tWoyJ1rdL8_oScvu028fxHl-JmrZTKkQJKA&oe=69FF46C2,"Atlanta, GA",https://www.facebook.com/marketplace/atlanta/search/?query=vintage%20mac,2026-05-05T03:48:45.078607+00:00,FACEBOOK_ACTIVE_CONTEXT_ONLY,NEEDS_MANUAL_REVIEW | NEEDS_MANUAL_SOLD_COMPS
facebook_marketplace_apify,Vintage Apple Power Mac G4 - fully working!,150.00,https://www.facebook.com/marketplace/item/1313280317382769,https://scontent-ord5-2.xx.fbcdn.net/v/t39.84726-6/690627146_2023084981974858_6560217479447716452_n.jpg?stp=c0.152.261.261a_dst-jpg_p261x260_tt6&_nc_cat=110&ccb=1-7&_nc_sid=92e707&_nc_ohc=ho50Cb-v2kUQ7kNvwE6hjpC&_nc_oc=AdrG3bhuYn9tz1tS4FrI6S97eIq08_mHLDCIkjTxbOKiCR362okgoWkQ-GVnYteAPJg&_nc_zt=14&_nc_ht=scontent-ord5-2.xx&_nc_gid=5ek917op8W2hs_45wDMQog&_nc_ss=72289&oh=00_Af6hwkjLqP5WXJ7rPP1A-z251RcZuyL_gXMbtHtNtAverQ&oe=69FF3386,"Atlanta, GA",https://www.facebook.com/marketplace/atlanta/search/?query=vintage%20mac,2026-05-05T03:48:45.078624+00:00,FACEBOOK_ACTIVE_CONTEXT_ONLY,NEEDS_MANUAL_REVIEW | NEEDS_MANUAL_SOLD_COMPS
facebook_marketplace_apify,Vintage Apple Macintosh Plus,400.00,https://www.facebook.com/marketplace/item/3217042221809280,https://scontent-ord5-2.xx.fbcdn.net/v/t39.84726-6/672794470_3847005272109035_1600759136380630468_n.jpg?stp=c43.0.260.260a_dst-jpg_p261x260_tt6&_nc_cat=102&ccb=1-7&_nc_sid=92e707&_nc_ohc=5J_6t-Q9qwsQ7kNvwEUSy3Q&_nc_oc=AdqEcwr_dHb587AUvCGfSz-ygvTFMMAlU-K1iBa-i4HlrxyedYW9ahP40hMyuTVuvck&_nc_zt=14&_nc_ht=scontent-ord5-2.xx&_nc_gid=5ek917op8W2hs_45wDMQog&_nc_ss=72289&oh=00_Af4vqv6mYmX1qLRJzlLzeuLJLlIIKE50dpdFcn7w6zwasw&oe=69FF392C,"Atlanta, GA",https://www.facebook.com/marketplace/atlanta/search/?query=vintage%20mac,2026-05-05T03:48:45.078629+00:00,FACEBOOK_ACTIVE_CONTEXT_ONLY,NEEDS_MANUAL_REVIEW | NEEDS_MANUAL_SOLD_COMPS
facebook_marketplace_apify,Vintage Computer Collection (Mostly Apple),12000.00,https://www.facebook.com/marketplace/item/911670075168847,https://scontent-ord5-3.xx.fbcdn.net/v/t39.84726-6/636986760_3037124049821547_334985882779319585_n.jpg?stp=c0.101.261.261a_dst-jpg_p261x260_tt6&_nc_cat=107&ccb=1-7&_nc_sid=92e707&_nc_ohc=senGkDiu_BwQ7kNvwFPRLtw&_nc_oc=Adpku8QPawCNwiVSNi0EOSvgEF077XjX1UigKujgqMHnWjbvyo3br2fq3ozlhjOv6ko&_nc_zt=14&_nc_ht=scontent-ord5-3.xx&_nc_gid=5ek917op8W2hs_45wDMQog&_nc_ss=72289&oh=00_Af4Lv7dmUTtbpvpr5sxxkrHgpqruW8Jq8tiNxUP7_qUXXQ&oe=69FF2A4F,"Atlanta, GA",https://www.facebook.com/marketplace/atlanta/search/?query=vintage%20mac,2026-05-05T03:48:45.078635+00:00,FACEBOOK_ACTIVE_CONTEXT_ONLY,NEEDS_MANUAL_REVIEW | NEEDS_MANUAL_SOLD_COMPS
facebook_marketplace_apify,iMac G5,75.00,https://www.facebook.com/marketplace/item/902729435691948,https://scontent-ord5-3.xx.fbcdn.net/v/t39.84726-6/624240378_921297267221497_5863545514150814152_n.jpg?stp=c0.152.261.261a_dst-jpg_p261x260_tt6&_nc_cat=109&ccb=1-7&_nc_sid=92e707&_nc_ohc=m7jw8Q1FR78Q7kNvwGItOcj&_nc_oc=Adp5uSuxosmFEmVaEI2v9egqz7y5Y_oS9fx83cmO00abLCOB-uw7QLH87e8lkjb22uE&_nc_zt=14&_nc_ht=scontent-ord5-3.xx&_nc_gid=5ek917op8W2hs_45wDMQog&_nc_ss=72289&oh=00_Af4X7TgS9mYEHaQACNNhMMz4OU2BGWxUdWJnbbbFol11Hw&oe=69FF293C,"Atlanta, GA",https://www.facebook.com/marketplace/atlanta/search/?query=vintage%20mac,2026-05-05T03:48:45.078642+00:00,FACEBOOK_ACTIVE_CONTEXT_ONLY,NEEDS_MANUAL_REVIEW | NEEDS_MANUAL_SOLD_COMPS
facebook_marketplace_apify,2 Vintage iMac G3’s 1998-1999 tray loading,225.00,https://www.facebook.com/marketplace/item/1475555546839592,https://scontent-ord5-2.xx.fbcdn.net/v/t39.84726-6/677237603_1601804891571729_6548548694104328088_n.jpg?stp=c43.0.260.260a_dst-jpg_p261x260_tt6&_nc_cat=102&ccb=1-7&_nc_sid=92e707&_nc_ohc=f9XU2VRAihgQ7kNvwHY8phQ&_nc_oc=AdrX3pTENW6zx6_ec6tZBtCQWKoA4qELcLsd8xYUqWXU4tXgtQtPlPtGFXFy2Xy-Y6o&_nc_zt=14&_nc_ht=scontent-ord5-2.xx&_nc_gid=5ek917op8W2hs_45wDMQog&_nc_ss=72289&oh=00_Af5ScrflgM2vroWxRcrQ-X3ZrMMaaqHttAdyiYn3gAqWww&oe=69FF2FDD,"Atlanta, GA",https://www.facebook.com/marketplace/atlanta/search/?query=vintage%20mac,2026-05-05T03:48:45.078647+00:00,FACEBOOK_ACTIVE_CONTEXT_ONLY,NEEDS_MANUAL_REVIEW | NEEDS_MANUAL_SOLD_COMPS
facebook_marketplace_apify,Nintendo Wii Skylanders Giants Bundle Blue Console In Box Rare 2011 Never Used,1500.00,https://www.facebook.com/marketplace/item/27519000984363987,https://scontent-mia5-1.xx.fbcdn.net/v/t45.5328-4/680322143_841366698994876_9163962708239453355_n.jpg?stp=c0.0.261.261a_dst-jpg_p261x260_tt6&_nc_cat=101&ccb=1-7&_nc_sid=247b10&_nc_ohc=a6CER1gpfFEQ7kNvwGg6I5t&_nc_oc=Adr-CAqw74hDzQ-IxzErImhAzqrE1nzeNmbcqFD_bO9QAlIa0nlh2g_Y0yoL5NTp7nw&_nc_zt=23&_nc_ht=scontent-mia5-1.xx&_nc_gid=7CqbWp4DGl6H5EVFNj4fDg&_nc_ss=7c289&oh=00_Af4uwPG7KHqrcrqFZLaf-8xXo_YDt-P2qZiML9ZuyYUFPg&oe=69FF48AF,"Atlanta, GA",https://www.facebook.com/marketplace/atlanta/search/?query=nintendo%20wii,2026-05-05T03:48:45.078653+00:00,FACEBOOK_ACTIVE_CONTEXT_ONLY,NEEDS_MANUAL_REVIEW | NEEDS_MANUAL_SOLD_COMPS
facebook_marketplace_apify,Nintendo Wii Black  Console + Michael Jackson Experience Wii Game + 1 Remote + 1 Nunchuck,125.00,https://www.facebook.com/marketplace/item/868494209099715,https://scontent-mia5-1.xx.fbcdn.net/v/t39.84726-6/605315477_798680713193775_1750146590935013115_n.jpg?stp=c43.0.260.260a_dst-jpg_p261x260_tt6&_nc_cat=102&ccb=1-7&_nc_sid=92e707&_nc_ohc=QBZLW5M0COgQ7kNvwHiN6gS&_nc_oc=AdpPD9LRZKoxGdcC_zbJIXI7QYoKSZB-Dw23vDp7P12eM-P21OvldNhHya5N3HiIqWo&_nc_zt=14&_nc_ht=scontent-mia5-1.xx&_nc_gid=7CqbWp4DGl6H5EVFNj4fDg&_nc_ss=7c289&oh=00_Af62MMyIqez1zLzTr-L2YF_X0qbuOfvfZc0a587wZWztIQ&oe=69FF2769,"Atlanta, GA",https://www.facebook.com/marketplace/atlanta/search/?query=nintendo%20wii,2026-05-05T03:48:45.078658+00:00,FACEBOOK_ACTIVE_CONTEXT_ONLY,NEEDS_MANUAL_REVIEW | NEEDS_MANUAL_SOLD_COMPS
facebook_marketplace_apify,"Nintendo Wii, Mario-kart bundle",100.00,https://www.facebook.com/marketplace/item/2196594021151623,https://scontent-mia5-1.xx.fbcdn.net/v/t39.84726-6/671395560_1718974376149339_729090607593989138_n.jpg?stp=c0.101.261.261a_dst-jpg_p261x260_tt6&_nc_cat=104&ccb=1-7&_nc_sid=92e707&_nc_ohc=AC0prS-VgZcQ7kNvwEn_4vS&_nc_oc=AdojdrXWDJG54_mH0KP32cWSiHfi_1IySR3Fxrydj_AEg-7HpvBw0nLfR82xgQXwsjw&_nc_zt=14&_nc_ht=scontent-mia5-1.xx&_nc_gid=7CqbWp4DGl6H5EVFNj4fDg&_nc_ss=7c289&oh=00_Af4CG2xrhMkuYL5cMtEpWfVAUGVNpbL-b9-dDthTiXJ3mw&oe=69FF3936,"Atlanta, GA",https://www.facebook.com/marketplace/atlanta/search/?query=nintendo%20wii,2026-05-05T03:48:45.078664+00:00,FACEBOOK_ACTIVE_CONTEXT_ONLY,NEEDS_MANUAL_REVIEW | NEEDS_MANUAL_SOLD_COMPS
facebook_marketplace_apify,Nintendo Wii Complete in Box,150.00,https://www.facebook.com/marketplace/item/954370624202730,https://scontent-mia3-1.xx.fbcdn.net/v/t39.84726-6/659830648_35096870539926798_2005406701197758616_n.jpg?stp=c43.0.260.260a_dst-jpg_p261x260_tt6&_nc_cat=111&ccb=1-7&_nc_sid=92e707&_nc_ohc=_CL6vWRWwwUQ7kNvwGdi5wv&_nc_oc=Adp5YReSMKZaTNPwGeRIT1r_D8bPtJyG_JgfzdGFfjqGomf42zkSDTMj78G3_RXWRt8&_nc_zt=14&_nc_ht=scontent-mia3-1.xx&_nc_gid=7CqbWp4DGl6H5EVFNj4fDg&_nc_ss=7c289&oh=00_Af4AKZ3768hL84j4irLYB82yAz5xKMKDVWv5ldcjy3IAHg&oe=69FF38F3,"Atlanta, GA",https://www.facebook.com/marketplace/atlanta/search/?query=nintendo%20wii,2026-05-05T03:48:45.078669+00:00,FACEBOOK_ACTIVE_CONTEXT_ONLY,NEEDS_MANUAL_REVIEW | NEEDS_MANUAL_SOLD_COMPS
facebook_marketplace_apify,Nintendo Wii,1.00,https://www.facebook.com/marketplace/item/3074037432784956,https://scontent-mia3-3.xx.fbcdn.net/v/t39.84726-6/687666643_1526714215553783_6213128939349479227_n.jpg?stp=c0.152.261.261a_dst-jpg_p261x260_tt6&_nc_cat=109&ccb=1-7&_nc_sid=92e707&_nc_ohc=fF2CWqmb-HsQ7kNvwG_1Hqn&_nc_oc=Adofy6jftPE-KREV0TW_PGmszWrU2k4tUWJWctn4nZ_Raq6qkEK7U-FjIQGYnGFuPxI&_nc_zt=14&_nc_ht=scontent-mia3-3.xx&_nc_gid=7CqbWp4DGl6H5EVFNj4fDg&_nc_ss=7c289&oh=00_Af71r4OyQN_qVlu87ikD92-j4JKA_zjwhbUJaNgNqFzLew&oe=69FF39D0,"Atlanta, GA",https://www.facebook.com/marketplace/atlanta/search/?query=nintendo%20wii,2026-05-05T03:48:45.078674+00:00,FACEBOOK_ACTIVE_CONTEXT_ONLY,NEEDS_MANUAL_REVIEW | NEEDS_MANUAL_SOLD_COMPS
facebook_marketplace_apify,Nintendo Wii,64.00,https://www.facebook.com/marketplace/item/1596729024589907,https://scontent-mia3-1.xx.fbcdn.net/v/t39.84726-6/628656004_1745708543500259_8147889009726989034_n.jpg?stp=c0.43.261.261a_dst-jpg_p261x260_tt6&_nc_cat=111&ccb=1-7&_nc_sid=92e707&_nc_ohc=PgNs_bFkRNcQ7kNvwGLzUx8&_nc_oc=AdqHOa9PK-tQrVqZ3fxNyTt3kQP_fgtLrI6-4u2zjZTNRkWdEZwK4KQYYaVdJXVxUsU&_nc_zt=14&_nc_ht=scontent-mia3-1.xx&_nc_gid=7CqbWp4DGl6H5EVFNj4fDg&_nc_ss=7c289&oh=00_Af5CWN_TCWQFeFsZ3uEQUP7nSom3iaxLoeVskykWymZr5g&oe=69FF4769,"Atlanta, GA",https://www.facebook.com/marketplace/atlanta/search/?query=nintendo%20wii,2026-05-05T03:48:45.078679+00:00,FACEBOOK_ACTIVE_CONTEXT_ONLY,NEEDS_MANUAL_REVIEW | NEEDS_MANUAL_SOLD_COMPS
facebook_marketplace_apify,Nintendo Wii Console With Box And Accessories,150.00,https://www.facebook.com/marketplace/item/1671201797542351,https://scontent-mia3-1.xx.fbcdn.net/v/t39.84726-6/687026955_911108268632101_8547968514078015910_n.jpg?stp=c43.0.260.260a_dst-jpg_p261x260_tt6&_nc_cat=111&ccb=1-7&_nc_sid=92e707&_nc_ohc=HByzNxJi_2kQ7kNvwHgQ3Ov&_nc_oc=AdqOqaK0LuC-t65OlVWb-YgfIcTYwaT7ccGbyOizchx33bUv9DjG8L4BktdGMuVVFVA&_nc_zt=14&_nc_ht=scontent-mia3-1.xx&_nc_gid=7CqbWp4DGl6H5EVFNj4fDg&_nc_ss=7c289&oh=00_Af5OpkV7w4ZZgMdqxSezP3CJeVmmH_ceyf_P4eyqBhUMjQ&oe=69FF3E45,"Atlanta, GA",https://www.facebook.com/marketplace/atlanta/search/?query=nintendo%20wii,2026-05-05T03:48:45.078684+00:00,FACEBOOK_ACTIVE_CONTEXT_ONLY,NEEDS_MANUAL_REVIEW | NEEDS_MANUAL_SOLD_COMPS
facebook_marketplace_apify,NINTENDO Wii White Game Console + Wii Sports Game,100.00,https://www.facebook.com/marketplace/item/1332697598605783,https://scontent-mia3-2.xx.fbcdn.net/v/t39.84726-6/604749518_1564538244770504_205882885177288270_n.jpg?stp=c0.43.261.261a_dst-jpg_p261x260_tt6&_nc_cat=105&ccb=1-7&_nc_sid=92e707&_nc_ohc=9gRyNST5pf4Q7kNvwEfuGwU&_nc_oc=Adrf-DHmJJd6WXTHAQlKxkYAPKLNLPbxJ3Q-xSjLiyylnrvz7ZwxlKCVfRGTthXCBBw&_nc_zt=14&_nc_ht=scontent-mia3-2.xx&_nc_gid=7CqbWp4DGl6H5EVFNj4fDg&_nc_ss=7c289&oh=00_Af5V0X2EqXIRNf4dLUY0dW7nkzKINeSB_V3vOD0IZ1XRrw&oe=69FF4847,"Atlanta, GA",https://www.facebook.com/marketplace/atlanta/search/?query=nintendo%20wii,2026-05-05T03:48:45.078690+00:00,FACEBOOK_ACTIVE_CONTEXT_ONLY,NEEDS_MANUAL_REVIEW | NEEDS_MANUAL_SOLD_COMPS
facebook_marketplace_apify,Nintendo Wii,100.00,https://www.facebook.com/marketplace/item/1981424279428187,https://scontent-iad3-2.xx.fbcdn.net/v/t39.84726-6/681344277_1421686979646670_6890264103176384863_n.jpg?stp=c74.0.260.260a_dst-jpg_p261x260_tt6&_nc_cat=111&ccb=1-7&_nc_sid=92e707&_nc_ohc=Nuq2fIlITmMQ7kNvwF1ecjS&_nc_oc=Adouut5OScsfpVWNny0jI6zLCy6Gvrh_5Xib3zrW6KF7A1ey2EjrupeVXC8sDVE7AB4&_nc_zt=14&_nc_ht=scontent-iad3-2.xx&_nc_gid=aVUciD7KkJV7HhM1NF0yOw&_nc_ss=72289&oh=00_Af5a-k9xB8JRQbRyszop9K299GFWREJlAnxvz4CVp319ww&oe=69FF2CBB,"Athens, GA",https://www.facebook.com/marketplace/athens-ga/search/?query=nintendo%20wii,2026-05-05T03:48:45.078695+00:00,FACEBOOK_ACTIVE_CONTEXT_ONLY,NEEDS_MANUAL_REVIEW | NEEDS_MANUAL_SOLD_COMPS
facebook_marketplace_apify,Nintendo Wii,25.00,https://www.facebook.com/marketplace/item/1497265001746811,https://scontent-iad3-2.xx.fbcdn.net/v/t39.84726-6/676019708_2714848425549405_1594154561860714759_n.jpg?stp=c0.151.261.261a_dst-jpg_p261x260_tt6&_nc_cat=111&ccb=1-7&_nc_sid=92e707&_nc_ohc=uWHjmIG6yxUQ7kNvwFZFSyC&_nc_oc=AdrqI6W8aieG-uUEz05qMZxszmzq-a6jb7ZjsS3NbZzw0qHXtLNrgxCRTLmk036ieW0&_nc_zt=14&_nc_ht=scontent-iad3-2.xx&_nc_gid=aVUciD7KkJV7HhM1NF0yOw&_nc_ss=72289&oh=00_Af6IEIrqjM3F1l3vDhnoAA9-bgqgHWwvNpJb7yI5ZV0kQQ&oe=69FF3177,"Athens, GA",https://www.facebook.com/marketplace/athens-ga/search/?query=nintendo%20wii,2026-05-05T03:48:45.078705+00:00,FACEBOOK_ACTIVE_CONTEXT_ONLY,NEEDS_MANUAL_REVIEW | NEEDS_MANUAL_SOLD_COMPS
facebook_marketplace_apify,Nintendo wii + just dance games,135.00,https://www.facebook.com/marketplace/item/2162452114552633,https://scontent-iad3-2.xx.fbcdn.net/v/t39.84726-6/672593990_1248983010555889_5555081277752538959_n.jpg?stp=c0.43.261.261a_dst-jpg_p261x260_tt6&_nc_cat=105&ccb=1-7&_nc_sid=92e707&_nc_ohc=hpbEjTfFZowQ7kNvwENh3YZ&_nc_oc=AdqWrWQgsqaF9QUMMEX0kzkQGZPD3xgSbdU7niUtQTXMfKkQBPI8qXvdAFYNXbPGVFw&_nc_zt=14&_nc_ht=scontent-iad3-2.xx&_nc_gid=aVUciD7KkJV7HhM1NF0yOw&_nc_ss=72289&oh=00_Af6pHx1E7O8wnoXx9mY2qIHugx6W_au7lmMY5_0br922pg&oe=69FF27DF,"Athens, GA",https://www.facebook.com/marketplace/athens-ga/search/?query=nintendo%20wii,2026-05-05T03:48:45.078710+00:00,FACEBOOK_ACTIVE_CONTEXT_ONLY,NEEDS_MANUAL_REVIEW | NEEDS_MANUAL_SOLD_COMPS
facebook_marketplace_apify,Nintendo Wii Bundle,70.00,https://www.facebook.com/marketplace/item/976876114857844,https://scontent-iad6-1.xx.fbcdn.net/v/t45.5328-4/683093332_2081316089093850_1032625348302018164_n.jpg?stp=c0.0.261.261a_dst-jpg_p261x260_tt6&_nc_cat=100&ccb=1-7&_nc_sid=247b10&_nc_ohc=rV6s1fYqQRUQ7kNvwG8tJ0i&_nc_oc=AdrRmlTqwyIg-YjG9vZs-_x0S0697baj3POirhkElz_Jv9SzyAvfTb18foUOIgDeb40&_nc_zt=23&_nc_ht=scontent-iad6-1.xx&_nc_gid=aVUciD7KkJV7HhM1NF0yOw&_nc_ss=72289&oh=00_Af5fXKNPuRV2Ml89xY2AeTOsM9zrQVy1-Xy8bAc6AHpVqw&oe=69FF4687,"Athens, GA",https://www.facebook.com/marketplace/athens-ga/search/?query=nintendo%20wii,2026-05-05T03:48:45.078715+00:00,FACEBOOK_ACTIVE_CONTEXT_ONLY,NEEDS_MANUAL_REVIEW | NEEDS_MANUAL_SOLD_COMPS
facebook_marketplace_apify,Nintendo Wii Console + 12 Games,150.00,https://www.facebook.com/marketplace/item/878121218619251,https://scontent-iad3-2.xx.fbcdn.net/v/t39.84726-6/663336960_1674813380201479_3876602505420840692_n.jpg?stp=c43.0.260.260a_dst-jpg_p261x260_tt6&_nc_cat=105&ccb=1-7&_nc_sid=92e707&_nc_ohc=FiHx1FuUzIAQ7kNvwHYNgtB&_nc_oc=Adq7XmjwD1Nm6dGCINWbgb5uCyaVIE7Es1_z_my5aNDnHyAtFx452dp45xaEkFrEwko&_nc_zt=14&_nc_ht=scontent-iad3-2.xx&_nc_gid=aVUciD7KkJV7HhM1NF0yOw&_nc_ss=72289&oh=00_Af7m_Ui-KLDtCQ5-kFrbOn4H1Zyf-UxCk8qhq7TxyE0FsA&oe=69FF463F,"Athens, GA",https://www.facebook.com/marketplace/athens-ga/search/?query=nintendo%20wii,2026-05-05T03:48:45.078720+00:00,FACEBOOK_ACTIVE_CONTEXT_ONLY,NEEDS_MANUAL_REVIEW | NEEDS_MANUAL_SOLD_COMPS
facebook_marketplace_apify,Nintendo Wii Console,95.00,https://www.facebook.com/marketplace/item/2186500325221614,https://scontent-iad6-1.xx.fbcdn.net/v/t39.84726-6/677264502_1252989210331843_33685155948175289_n.jpg?stp=c0.1.261.261a_dst-jpg_p261x260_tt6&_nc_cat=109&ccb=1-7&_nc_sid=92e707&_nc_ohc=eUlNTiPQq3UQ7kNvwGOo9sA&_nc_oc=AdrP82hTEGHfwVgr2lHPZwYbTGYd1UTWZerk3aeGoFA4iB9WE7Xcy55Tzeg2Dnm5ds4&_nc_zt=14&_nc_ht=scontent-iad6-1.xx&_nc_gid=aVUciD7KkJV7HhM1NF0yOw&_nc_ss=72289&oh=00_Af409BuiIp7n_txfgnP_9QaT2DzUpsGMSjaiu-XMpoRKcw&oe=69FF4FB9,"Athens, GA",https://www.facebook.com/marketplace/athens-ga/search/?query=nintendo%20wii,2026-05-05T03:48:45.078724+00:00,FACEBOOK_ACTIVE_CONTEXT_ONLY,NEEDS_MANUAL_REVIEW | NEEDS_MANUAL_SOLD_COMPS
facebook_marketplace_apify,Nintendo Wii Modding  ⬇️👀,15.00,https://www.facebook.com/marketplace/item/1567498601019866,https://scontent-iad6-1.xx.fbcdn.net/v/t39.84726-6/668073813_969092702739341_4763580232863739774_n.jpg?stp=c152.0.260.260a_dst-jpg_p261x260_tt6&_nc_cat=106&ccb=1-7&_nc_sid=92e707&_nc_ohc=8sW5qkGeER0Q7kNvwHeLm2I&_nc_oc=AdrDRP-DoQgdQaW5SucCVsOGEIY4wbCOJu95IUYtk-xvFVAP3-wYw3M7TAzZkB0Vko8&_nc_zt=14&_nc_ht=scontent-iad6-1.xx&_nc_gid=aVUciD7KkJV7HhM1NF0yOw&_nc_ss=72289&oh=00_Af4MvfAxPTvIc9C90VbV5XmgLT7E-CdLG8Krg-Bu_sqF5Q&oe=69FF29D9,"Athens, GA",https://www.facebook.com/marketplace/athens-ga/search/?query=nintendo%20wii,2026-05-05T03:48:45.078731+00:00,FACEBOOK_ACTIVE_CONTEXT_ONLY,NEEDS_MANUAL_REVIEW | NEEDS_MANUAL_SOLD_COMPS
facebook_marketplace_apify,Vintage stereo console,75.00,https://www.facebook.com/marketplace/item/951277607898562,https://scontent-sjc3-1.xx.fbcdn.net/v/t39.84726-6/686304822_2215796665837506_6735716070222988058_n.jpg?stp=c43.0.260.260a_dst-jpg_p261x260_tt6&_nc_cat=105&ccb=1-7&_nc_sid=92e707&_nc_ohc=1A9GfgCXc04Q7kNvwFPyGIc&_nc_oc=AdogRnLIa_T4wqNr8hB8tjsF8z3e2F2dPrLJdQruUTka4tcu-zdox5f4dx_JWsK4WOE&_nc_zt=14&_nc_ht=scontent-sjc3-1.xx&_nc_gid=-5j3bJLKTkdiTpOpp9zlQQ&_nc_ss=72289&oh=00_Af5oC0w1vgEBZwlMedosFs5845Rnt1OltXE6wWFy5ZWebQ&oe=69FF2355,"Athens, GA",https://www.facebook.com/marketplace/athens-ga/search/?query=vintage%20stereo,2026-05-05T03:48:45.078736+00:00,FACEBOOK_ACTIVE_CONTEXT_ONLY,NEEDS_MANUAL_REVIEW | NEEDS_MANUAL_SOLD_COMPS
facebook_marketplace_apify,"Vintage Stereo Equipment, for home, garage, man cave, or she shed",50.00,https://www.facebook.com/marketplace/item/1487312306064346,https://scontent-sjc3-1.xx.fbcdn.net/v/t39.84726-6/641342477_1303198821855283_298538972028610764_n.jpg?stp=c43.0.260.260a_dst-jpg_p261x260_tt6&_nc_cat=106&ccb=1-7&_nc_sid=92e707&_nc_ohc=MsIZ2GcmeIUQ7kNvwGxKDOY&_nc_oc=AdrHDxDKlqRRsVSTUo0hkrQELW5ae9OvzWI9agFdj-f7IUeQ7inkwM_cWD4vmZBzDSY&_nc_zt=14&_nc_ht=scontent-sjc3-1.xx&_nc_gid=-5j3bJLKTkdiTpOpp9zlQQ&_nc_ss=72289&oh=00_Af7hiqrwIz-ChszA70p4xmBQteLrqkUX0HPxsOU747qCRg&oe=69FF410B,"Athens, GA",https://www.facebook.com/marketplace/athens-ga/search/?query=vintage%20stereo,2026-05-05T03:48:45.078741+00:00,FACEBOOK_ACTIVE_CONTEXT_ONLY,NEEDS_MANUAL_REVIEW | NEEDS_MANUAL_SOLD_COMPS
facebook_marketplace_apify,Vintage Pioneer SX-1250 Stereo Receiver,2600.00,https://www.facebook.com/marketplace/item/26937779365827834,https://scontent-sjc3-1.xx.fbcdn.net/v/t39.84726-6/657403286_1459552102530759_4738007145474745994_n.jpg?stp=c43.0.260.260a_dst-jpg_p261x260_tt6&_nc_cat=103&ccb=1-7&_nc_sid=92e707&_nc_ohc=uHmsNm7B_00Q7kNvwE1shf4&_nc_oc=Adpb2OrOUdDmWXVqP19sVjhDzPCCqcr_0hGeU5WOBSfT9eAH_7-KyeRQAxozh8HWaX0&_nc_zt=14&_nc_ht=scontent-sjc3-1.xx&_nc_gid=-5j3bJLKTkdiTpOpp9zlQQ&_nc_ss=72289&oh=00_Af6uIsvm5_ikteoWl-0MMkd-432A4cF1tOWvXK87yp1poQ&oe=69FF2A8F,"Athens, GA",https://www.facebook.com/marketplace/athens-ga/search/?query=vintage%20stereo,2026-05-05T03:48:45.078746+00:00,FACEBOOK_ACTIVE_CONTEXT_ONLY,NEEDS_MANUAL_REVIEW | NEEDS_MANUAL_SOLD_COMPS
facebook_marketplace_apify,Pre-owned Kenwood Stereo 6 Component Rack System with Stand Vintage 1980s Stereo,700.00,https://www.facebook.com/marketplace/item/981512067793163,https://scontent-sjc6-1.xx.fbcdn.net/v/t39.84726-6/680468267_824892024009289_3110994976737175684_n.jpg?stp=c0.81.261.261a_dst-jpg_p261x260_tt6&_nc_cat=101&ccb=1-7&_nc_sid=92e707&_nc_ohc=7_UlcNP78-QQ7kNvwHRnzJ3&_nc_oc=Adpw6Rk6WGaGJR3SsCXB_y13ZA75I-FzqDiZoKp_xJ9NzWM5rPIA_ZMlnj7IT43n7Zw&_nc_zt=14&_nc_ht=scontent-sjc6-1.xx&_nc_gid=-5j3bJLKTkdiTpOpp9zlQQ&_nc_ss=72289&oh=00_Af6v8lQ4OHEIgir5C5dCoAI8cKMnzO4LESh2e5Q-149CXA&oe=69FF3212,"Athens, GA",https://www.facebook.com/marketplace/athens-ga/search/?query=vintage%20stereo,2026-05-05T03:48:45.078750+00:00,FACEBOOK_ACTIVE_CONTEXT_ONLY,NEEDS_MANUAL_REVIEW | NEEDS_MANUAL_SOLD_COMPS
facebook_marketplace_apify,Kenwood stereo,125.00,https://www.facebook.com/marketplace/item/1446115750587459,https://scontent-sjc6-1.xx.fbcdn.net/v/t39.84726-6/660824101_26930736459947473_4815846021011442240_n.jpg?stp=c43.0.260.260a_dst-jpg_p261x260_tt6&_nc_cat=102&ccb=1-7&_nc_sid=92e707&_nc_ohc=IpC83U8FaAcQ7kNvwHd-NXN&_nc_oc=Adq-_1SnnMrO8cLbJECssoEGgCtb0MDw9vAWu8b_Q-Hs03jr_lYlEmg9uIyGqoATqE4&_nc_zt=14&_nc_ht=scontent-sjc6-1.xx&_nc_gid=-5j3bJLKTkdiTpOpp9zlQQ&_nc_ss=72289&oh=00_Af4DgpYaxH2wKlzhsruEfJo5EFtuM7_525X7MDwuJkd3JA&oe=69FF2A0E,"Athens, GA",https://www.facebook.com/marketplace/athens-ga/search/?query=vintage%20stereo,2026-05-05T03:48:45.078755+00:00,FACEBOOK_ACTIVE_CONTEXT_ONLY,NEEDS_MANUAL_REVIEW | NEEDS_MANUAL_SOLD_COMPS
facebook_marketplace_apify,Vintage Pioneer Stereo system will need volume control cleaned but works great,280.00,https://www.facebook.com/marketplace/item/1294937589253598,https://scontent-sjc3-1.xx.fbcdn.net/v/t39.84726-6/683658447_793871786919541_7256863433067666622_n.jpg?stp=c43.0.260.260a_dst-jpg_p261x260_tt6&_nc_cat=105&ccb=1-7&_nc_sid=92e707&_nc_ohc=vsR3ImkGf24Q7kNvwFaqKLp&_nc_oc=Adp2EBpKs1H1rq_hjwogXIRKLPebFISPmjNZ_J4u1LGNL2KFOGEBAOW_PBAHfBUN8zg&_nc_zt=14&_nc_ht=scontent-sjc3-1.xx&_nc_gid=-5j3bJLKTkdiTpOpp9zlQQ&_nc_ss=72289&oh=00_Af6UlDSNnCjEcj19lJ_5UTnGhHVfWRmuo3a3__w7ksMtmA&oe=69FF3E17,"Athens, GA",https://www.facebook.com/marketplace/athens-ga/search/?query=vintage%20stereo,2026-05-05T03:48:45.078759+00:00,FACEBOOK_ACTIVE_CONTEXT_ONLY,NEEDS_MANUAL_REVIEW | NEEDS_MANUAL_SOLD_COMPS
facebook_marketplace_apify,"Lloyds stereo system, vintage record player and speaker",35.00,https://www.facebook.com/marketplace/item/978481837986161,https://scontent-sjc6-1.xx.fbcdn.net/v/t39.84726-6/686275367_1494684352668245_3979890607163159604_n.jpg?stp=c0.43.261.261a_dst-jpg_p261x260_tt6&_nc_cat=104&ccb=1-7&_nc_sid=92e707&_nc_ohc=dguzfJEoXV8Q7kNvwGZaakU&_nc_oc=AdoA6bMzFjKsqQINIHEPGNM9sQc_HD4Zgpn5JyVsSisMFjYDuhvfKTtFxxCAQg3tvGY&_nc_zt=14&_nc_ht=scontent-sjc6-1.xx&_nc_gid=-5j3bJLKTkdiTpOpp9zlQQ&_nc_ss=72289&oh=00_Af7mrh5P4nxhMrfX2qbieuLb3Ts90KA4SsFgTlkwkyHHUg&oe=69FF3AD5,"Athens, GA",https://www.facebook.com/marketplace/athens-ga/search/?query=vintage%20stereo,2026-05-05T03:48:45.078764+00:00,FACEBOOK_ACTIVE_CONTEXT_ONLY,NEEDS_MANUAL_REVIEW | NEEDS_MANUAL_SOLD_COMPS
facebook_marketplace_apify,"Vintage JVC receiver, double cassette deck, 200 CD carousel, and turntable",200.00,https://www.facebook.com/marketplace/item/942290285212599,https://scontent-sjc6-1.xx.fbcdn.net/v/t39.84726-6/674568690_1647947296408259_3247515770582345913_n.jpg?stp=c0.43.261.261a_dst-jpg_p261x260_tt6&_nc_cat=108&ccb=1-7&_nc_sid=92e707&_nc_ohc=2D7QlxYPDYcQ7kNvwE0UT2m&_nc_oc=AdqZ5kus0XUUWGwSawXdtTGkW8r8JQs6TsNEKw0QccoEzjJe9ujqzwEA2dixZNglVuM&_nc_zt=14&_nc_ht=scontent-sjc6-1.xx&_nc_gid=-5j3bJLKTkdiTpOpp9zlQQ&_nc_ss=72289&oh=00_Af5WaysTOAlylbDnMLz9aI1Zy9QFyAs6HNcMsgkoLZF6gQ&oe=69FF4CD4,"Athens, GA",https://www.facebook.com/marketplace/athens-ga/search/?query=vintage%20stereo,2026-05-05T03:48:45.078769+00:00,FACEBOOK_ACTIVE_CONTEXT_ONLY,NEEDS_MANUAL_REVIEW | NEEDS_MANUAL_SOLD_COMPS
facebook_marketplace_apify,Vtg  Apple lle  Computer System w/ Monitor lll + (2) Disk ll Drives + Cards,250.00,https://www.facebook.com/marketplace/item/1747451356421970,https://scontent-ord5-3.xx.fbcdn.net/v/t39.84726-6/681271920_977302648099448_2376734962575188859_n.jpg?stp=c43.0.260.260a_dst-jpg_p261x260_tt6&_nc_cat=106&ccb=1-7&_nc_sid=92e707&_nc_ohc=ONuTlIEb3M0Q7kNvwG19PLl&_nc_oc=AdpV_npcI7OAi7D2BQNqciu2JfXmWQOUUSfE2kdyP5shJwFqH_KCPZJ9UMAm6DBSxcw&_nc_zt=14&_nc_ht=scontent-ord5-3.xx&_nc_gid=oGJtp0z6kwtkEEQj0Rqbtw&_nc_ss=72289&oh=00_Af7oe7X-AQtUW0Zx1aMsSRIvTHTfa16c0OgBelHk_VQzkw&oe=69FF21A5,"Athens, GA",https://www.facebook.com/marketplace/athens-ga/search/?query=vintage%20computer,2026-05-05T03:48:45.078775+00:00,FACEBOOK_ACTIVE_CONTEXT_ONLY,NEEDS_MANUAL_REVIEW | NEEDS_MANUAL_SOLD_COMPS
facebook_marketplace_apify,Computer,100.00,https://www.facebook.com/marketplace/item/1874985040555615,https://scontent-ord5-3.xx.fbcdn.net/v/t39.84726-6/691745000_26914598371504114_5873030854808470758_n.jpg?stp=c43.0.260.260a_dst-jpg_p261x260_tt6&_nc_cat=106&ccb=1-7&_nc_sid=92e707&_nc_ohc=AgLcqI4cGHwQ7kNvwFrwppR&_nc_oc=AdoxuiuvROfioonXYNJhH9VKlIV4pSx_PBNCZe21NDvet1vldEjM5qBvn-noZWXgYx4&_nc_zt=14&_nc_ht=scontent-ord5-3.xx&_nc_gid=oGJtp0z6kwtkEEQj0Rqbtw&_nc_ss=72289&oh=00_Af7NIP4eLwtg7a3W-z-N1jCWx8qgUe6_diS_mf0yr_LWpw&oe=69FF4C7E,"Athens, GA",https://www.facebook.com/marketplace/athens-ga/search/?query=vintage%20computer,2026-05-05T03:48:45.078781+00:00,FACEBOOK_ACTIVE_CONTEXT_ONLY,NEEDS_MANUAL_REVIEW | NEEDS_MANUAL_SOLD_COMPS
facebook_marketplace_apify,Vintage 1987 Apple Mac Plus 1MB (w/ Space Invaders),1200.00,https://www.facebook.com/marketplace/item/732993693141235,https://scontent-ord5-2.xx.fbcdn.net/v/t39.84726-6/668567760_800003809423567_2554084424208836443_n.jpg?stp=c43.0.260.260a_dst-jpg_p261x260_tt6&_nc_cat=102&ccb=1-7&_nc_sid=92e707&_nc_ohc=c4wpVV4QNgwQ7kNvwGnllrL&_nc_oc=AdpSwtu-bqWHpIM0j3y6dnuK-s4LA_VQFOP9Gg4gqN6X2zbqM8Is1_G3gRvusD_U1Ko&_nc_zt=14&_nc_ht=scontent-ord5-2.xx&_nc_gid=oGJtp0z6kwtkEEQj0Rqbtw&_nc_ss=72289&oh=00_Af6WsDxZMnBkEGhI9jMmKCIn5VyTzu5tt1vEt-bXnfImyQ&oe=69FF2917,"Athens, GA",https://www.facebook.com/marketplace/athens-ga/search/?query=vintage%20computer,2026-05-05T03:48:45.078786+00:00,FACEBOOK_ACTIVE_CONTEXT_ONLY,NEEDS_MANUAL_REVIEW | NEEDS_MANUAL_SOLD_COMPS
facebook_marketplace_apify,Vintage PC,125.00,https://www.facebook.com/marketplace/item/1496363825167995,https://scontent-ord5-2.xx.fbcdn.net/v/t39.84726-6/675435639_2028569738095943_3299459315749084284_n.jpg?stp=c43.0.260.260a_dst-jpg_p261x260_tt6&_nc_cat=104&ccb=1-7&_nc_sid=92e707&_nc_ohc=mWZ9l8z8RTQQ7kNvwHsaMmA&_nc_oc=AdoZQEi5g05y5vsZbm2jQHL2OAGmE7-8DjE28TP9_l6JQ1dHPPc62scJFTw0BGQjaDc&_nc_zt=14&_nc_ht=scontent-ord5-2.xx&_nc_gid=oGJtp0z6kwtkEEQj0Rqbtw&_nc_ss=72289&oh=00_Af6H8Jkmi6NyA8bBkShBLSFvrySbVk5v7wKrkFUi4vwooA&oe=69FF39FC,"Athens, GA",https://www.facebook.com/marketplace/athens-ga/search/?query=vintage%20computer,2026-05-05T03:48:45.078791+00:00,FACEBOOK_ACTIVE_CONTEXT_ONLY,NEEDS_MANUAL_REVIEW | NEEDS_MANUAL_SOLD_COMPS
facebook_marketplace_apify,"NeXT computer and monitor gear, Nextstation, MegaPixel display, laser printers. N2000 N4000 Apple",15.00,https://www.facebook.com/marketplace/item/2667090163624468,https://scontent-ord5-1.xx.fbcdn.net/v/t39.84726-6/586598570_688244114081494_6518272364105343767_n.jpg?stp=c0.43.261.261a_dst-jpg_p261x260_tt6&_nc_cat=101&ccb=1-7&_nc_sid=92e707&_nc_ohc=oPigJcb5emMQ7kNvwGUFaaD&_nc_oc=AdrYFVDMNFQbXl7m9fsf0tj2j4rcAmw70jPUtxGAxRJ3DSKa2dGPJvE3FCfkcc9Vis0&_nc_zt=14&_nc_ht=scontent-ord5-1.xx&_nc_gid=oGJtp0z6kwtkEEQj0Rqbtw&_nc_ss=72289&oh=00_Af4JTIgR0yQA7tH3HCci75WO6_YHEQ8aOsHiQojwWrjcMA&oe=69FF2FA2,"Athens, GA",https://www.facebook.com/marketplace/athens-ga/search/?query=vintage%20computer,2026-05-05T03:48:45.078795+00:00,FACEBOOK_ACTIVE_CONTEXT_ONLY,NEEDS_MANUAL_REVIEW | NEEDS_MANUAL_SOLD_COMPS
facebook_marketplace_apify,NorthStar Advantage Vintage Computer + Software Disks + Case,1200.00,https://www.facebook.com/marketplace/item/1636958490961540,https://scontent-ord5-1.xx.fbcdn.net/v/t39.84726-6/661045155_2862836214052530_4966231412019121213_n.jpg?stp=c52.0.260.260a_dst-jpg_p261x260_tt6&_nc_cat=108&ccb=1-7&_nc_sid=92e707&_nc_ohc=CXCnCUrwlWQQ7kNvwGT3hHE&_nc_oc=AdpgGOs4M5EEbOp3_4hvk4Fy29sAxSXG3z9ccljPTS-zWm32LlgODTps3R1tJys8yjs&_nc_zt=14&_nc_ht=scontent-ord5-1.xx&_nc_gid=oGJtp0z6kwtkEEQj0Rqbtw&_nc_ss=72289&oh=00_Af52yloowTW2TLR51YXS-4f2T9hF-XYgUQ-MSQJI7czjZA&oe=69FF5126,"Athens, GA",https://www.facebook.com/marketplace/athens-ga/search/?query=vintage%20computer,2026-05-05T03:48:45.078800+00:00,FACEBOOK_ACTIVE_CONTEXT_ONLY,NEEDS_MANUAL_REVIEW | NEEDS_MANUAL_SOLD_COMPS
facebook_marketplace_apify,Rare Clean Imsai Mits Compupro Godbout S100 Vintage Computer 20 Slot Motherboard,674.95,https://www.facebook.com/marketplace/item/25974873728871654,https://scontent-ord5-2.xx.fbcdn.net/v/t45.5328-4/593351013_2715605138773516_4981714680139420826_n.jpg?stp=c200.0.1200.1200a_dst-jpg_s261x260_tt6&_nc_cat=103&ccb=1-7&_nc_sid=7ea8df&_nc_ohc=Hl9rI5wITkwQ7kNvwEwJWKm&_nc_oc=Adq-x3jlWsIy7NKBGkdaQxH0ZN9roAPAXVoYHbEIAG8rHy4UWo-t_BW7Q-mR3qAFOsc&_nc_zt=23&_nc_ht=scontent-ord5-2.xx&_nc_gid=oGJtp0z6kwtkEEQj0Rqbtw&_nc_ss=72289&oh=00_Af7X71IKccp4616rU2bfmsanFKdzCXr1M7vDKkJBPAdfng&oe=69FF27F5,"Athens, GA",https://www.facebook.com/marketplace/athens-ga/search/?query=vintage%20computer,2026-05-05T03:48:45.078805+00:00,FACEBOOK_ACTIVE_CONTEXT_ONLY,NEEDS_MANUAL_REVIEW | NEEDS_MANUAL_SOLD_COMPS
facebook_marketplace_apify,Rare Vintage Commodore Educator 64 (Model 4064) - Working Condition,920.00,https://www.facebook.com/marketplace/item/1764044911426021,https://scontent-ord5-1.xx.fbcdn.net/v/t39.84726-6/679589613_1506077177714053_4364922395630410626_n.jpg?stp=c0.43.261.261a_dst-jpg_p261x260_tt6&_nc_cat=111&ccb=1-7&_nc_sid=92e707&_nc_ohc=n_N2W5i60GUQ7kNvwEWC_Ee&_nc_oc=AdoSsd5v-W_yazOUWca-Cshq9cL4aZPUbpRgZNYxAzeIrfAKY65AxJTZ_Baol6a6eX4&_nc_zt=14&_nc_ht=scontent-ord5-1.xx&_nc_gid=oGJtp0z6kwtkEEQj0Rqbtw&_nc_ss=72289&oh=00_Af4VGutLs_0sCRzI2wxi5pW9vYOkPlCZfzLIt2Y33O6_pA&oe=69FF486A,"Athens, GA",https://www.facebook.com/marketplace/athens-ga/search/?query=vintage%20computer,2026-05-05T03:48:45.078809+00:00,FACEBOOK_ACTIVE_CONTEXT_ONLY,NEEDS_MANUAL_REVIEW | NEEDS_MANUAL_SOLD_COMPS
facebook_marketplace_apify,Realistic STA-82 Vintage Receiver circa 1975-76 both channels working,80.00,https://www.facebook.com/marketplace/item/2366207890526676,https://scontent-det1-1.xx.fbcdn.net/v/t39.84726-6/675462157_926799270156954_416614460574006661_n.jpg?stp=c43.0.260.260a_dst-jpg_p261x260_tt6&_nc_cat=110&ccb=1-7&_nc_sid=92e707&_nc_ohc=CCt2PSJOHwIQ7kNvwEuHqtb&_nc_oc=Ado69lZMDvvF1xCcYsoq6H9uNdv83ZyZerQ_QRZ_blZ-vvZLpXmZjp8DCCVpNsMRaII&_nc_zt=14&_nc_ht=scontent-det1-1.xx&_nc_gid=WLFg2lU1jdr8iJBeeKSNvw&_nc_ss=72289&oh=00_Af7OUC_58YSJ3gsXZBqUxOUTwZZVGGOGJkvxpOWSc1iMCw&oe=69FF39F1,"Athens, GA",https://www.facebook.com/marketplace/athens-ga/search/?query=vintage%20receiver,2026-05-05T03:48:45.078814+00:00,FACEBOOK_ACTIVE_CONTEXT_ONLY,NEEDS_MANUAL_REVIEW | NEEDS_MANUAL_SOLD_COMPS
facebook_marketplace_apify,Harmon Kardan hk385i Linear Phase Stereo Receiver,80.00,https://www.facebook.com/marketplace/item/959778386701901,https://scontent-det1-1.xx.fbcdn.net/v/t39.84726-6/660615489_1309420971104952_2789614712499871324_n.jpg?stp=c43.0.260.260a_dst-jpg_p261x260_tt6&_nc_cat=108&ccb=1-7&_nc_sid=92e707&_nc_ohc=-LyBBtlGE3IQ7kNvwGJxIF4&_nc_oc=AdqtoVqltJNliZjlVragyLIuRTW8yYknk9KhCMQWEQl75S1g91QFPF1eI_xD7OeO1v8&_nc_zt=14&_nc_ht=scontent-det1-1.xx&_nc_gid=WLFg2lU1jdr8iJBeeKSNvw&_nc_ss=72289&oh=00_Af65n60L8x66pnuA7dya-cAUmhh0GUa5rJxT1BNNDG2x9w&oe=69FF4879,"Athens, GA",https://www.facebook.com/marketplace/athens-ga/search/?query=vintage%20receiver,2026-05-05T03:48:45.078818+00:00,FACEBOOK_ACTIVE_CONTEXT_ONLY,NEEDS_MANUAL_REVIEW | NEEDS_MANUAL_SOLD_COMPS
facebook_marketplace_apify,Kenwood KR-7600 Vintage Receiver,250.00,https://www.facebook.com/marketplace/item/1500986565014904,https://scontent-det1-1.xx.fbcdn.net/v/t39.84726-6/686131598_939150035662169_2352645143808579483_n.jpg?stp=c145.0.260.260a_dst-jpg_p261x260_tt6&_nc_cat=108&ccb=1-7&_nc_sid=92e707&_nc_ohc=b7EYs_YVpKAQ7kNvwGacG6A&_nc_oc=AdohzAhWbu4oYRUTDAym_jIiDZkUbnkHT0Y2GbomOPcU6otgQA2ANzKRfVP6bIrzw-4&_nc_zt=14&_nc_ht=scontent-det1-1.xx&_nc_gid=WLFg2lU1jdr8iJBeeKSNvw&_nc_ss=72289&oh=00_Af71QhBGM18VZ-zI6l1z9iVu9LYThVJvbUO71fgMtHboYw&oe=69FF39A4,"Athens, GA",https://www.facebook.com/marketplace/athens-ga/search/?query=vintage%20receiver,2026-05-05T03:48:45.078825+00:00,FACEBOOK_ACTIVE_CONTEXT_ONLY,NEEDS_MANUAL_REVIEW | NEEDS_MANUAL_SOLD_COMPS
facebook_marketplace_apify,"Vintage Kenwood KR-2300
AM/FM Stereo Receiver",200.00,https://www.facebook.com/marketplace/item/3828849747419428,https://scontent-det1-1.xx.fbcdn.net/v/t39.84726-6/643798955_1643746573315063_589794590677581737_n.jpg?stp=c0.43.261.261a_dst-jpg_p261x260_tt6&_nc_cat=109&ccb=1-7&_nc_sid=92e707&_nc_ohc=tWZm4DuVpbIQ7kNvwF3ia5x&_nc_oc=AdrZHiiX2cN7C-kVFezQ12jBSVhC7FT7iX5W_G-6UrZ_ewjs5eq7kpV5t1eEB8Wi_Ks&_nc_zt=14&_nc_ht=scontent-det1-1.xx&_nc_gid=WLFg2lU1jdr8iJBeeKSNvw&_nc_ss=72289&oh=00_Af5hkMdldOUpha-pGXZMco4PDJU6s8wXwVsB3wWSuRCRuA&oe=69FF2510,"Athens, GA",https://www.facebook.com/marketplace/athens-ga/search/?query=vintage%20receiver,2026-05-05T03:48:45.078835+00:00,FACEBOOK_ACTIVE_CONTEXT_ONLY,NEEDS_MANUAL_REVIEW | NEEDS_MANUAL_SOLD_COMPS
facebook_marketplace_apify,Vintage Kenwood KR-4070 stereo receiver,160.00,https://www.facebook.com/marketplace/item/1507570044263085,https://scontent-det1-1.xx.fbcdn.net/v/t39.84726-6/652311900_1641327707207462_3671773489690546418_n.jpg?stp=c43.0.260.260a_dst-jpg_p261x260_tt6&_nc_cat=104&ccb=1-7&_nc_sid=92e707&_nc_ohc=8ckOaFsufR4Q7kNvwGjmUsM&_nc_oc=Adp0jbzzDN0n3frqoivOEGHHYSDyR6LO8CnTh1P_H2NVx1y41x1R0lWlx8QH8jlpP3k&_nc_zt=14&_nc_ht=scontent-det1-1.xx&_nc_gid=WLFg2lU1jdr8iJBeeKSNvw&_nc_ss=72289&oh=00_Af6f5ylD0kTw7fOTMqpYHmMcn9tcFB4WwxuPjD8vwVrHrw&oe=69FF565C,"Athens, GA",https://www.facebook.com/marketplace/athens-ga/search/?query=vintage%20receiver,2026-05-05T03:48:45.078840+00:00,FACEBOOK_ACTIVE_CONTEXT_ONLY,NEEDS_MANUAL_REVIEW | NEEDS_MANUAL_SOLD_COMPS
facebook_marketplace_apify,Vintage Pioneer SX-636 AM/FM Stereo Receiver,300.00,https://www.facebook.com/marketplace/item/1634669714320848,https://scontent-det1-1.xx.fbcdn.net/v/t39.84726-6/670550069_1639014507436590_5402225479998352013_n.jpg?stp=c43.0.260.260a_dst-jpg_p261x260_tt6&_nc_cat=108&ccb=1-7&_nc_sid=92e707&_nc_ohc=ObnDSg7-kxYQ7kNvwHIkQ6o&_nc_oc=Adr4T7TPJqLL2R12Uv2EBHGwFTYAzZ9rn1SkhsJE7H7EvtMxKUwVIko3MJ070M1fEiQ&_nc_zt=14&_nc_ht=scontent-det1-1.xx&_nc_gid=WLFg2lU1jdr8iJBeeKSNvw&_nc_ss=72289&oh=00_Af4yU15rgS11O6DzcKqHFFEfHR5wFFwPA1zuGLyziUA5TA&oe=69FF2FB9,"Athens, GA",https://www.facebook.com/marketplace/athens-ga/search/?query=vintage%20receiver,2026-05-05T03:48:45.078845+00:00,FACEBOOK_ACTIVE_CONTEXT_ONLY,NEEDS_MANUAL_REVIEW | NEEDS_MANUAL_SOLD_COMPS
facebook_marketplace_apify,Vintage Monster Pioneer SX-1010 AM/FM Stereo Receiver With Box,1400.00,https://www.facebook.com/marketplace/item/2362051824275394,https://scontent-det1-1.xx.fbcdn.net/v/t39.84726-6/667344543_1675251130269551_1388333092047084666_n.jpg?stp=c43.0.260.260a_dst-jpg_p261x260_tt6&_nc_cat=105&ccb=1-7&_nc_sid=92e707&_nc_ohc=0GMbTNLjdRcQ7kNvwFF_mE7&_nc_oc=AdoZT85VjjBy_SOJjbgNwF799ir9H12pg2EvIZN5W7bQ6i4yNpgzg5S0MM2T2a3mLVY&_nc_zt=14&_nc_ht=scontent-det1-1.xx&_nc_gid=WLFg2lU1jdr8iJBeeKSNvw&_nc_ss=72289&oh=00_Af6Our8cndSIddwgA86nYZdf4XlJKiG1Uu72H9GdyYf2SQ&oe=69FF3763,"Athens, GA",https://www.facebook.com/marketplace/athens-ga/search/?query=vintage%20receiver,2026-05-05T03:48:45.078849+00:00,FACEBOOK_ACTIVE_CONTEXT_ONLY,NEEDS_MANUAL_REVIEW | NEEDS_MANUAL_SOLD_COMPS
facebook_marketplace_apify,TESTED Nintendo GameCube Black DOL-101 Console System w/ Sonic Mega Collection,100.00,https://www.facebook.com/marketplace/item/2334485567034270,https://scontent-ord5-1.xx.fbcdn.net/v/t39.84726-6/651877436_1573938167020832_5194841852073609067_n.jpg?stp=c0.0.261.261a_dst-jpg_p261x260_tt6&_nc_cat=101&ccb=1-7&_nc_sid=92e707&_nc_ohc=k1-Zh5kGyN8Q7kNvwGUDojC&_nc_oc=AdqxcueiLb8dWoMM0qTys73986HTRI6e39wtfUcK5aiqNqfhtxfrLVGqbpbriWpNlOk&_nc_zt=14&_nc_ht=scontent-ord5-1.xx&_nc_gid=ubzP00xlmjo-deNTPlYEzQ&_nc_ss=72289&oh=00_Af54glFx_D9cwUoozoKdBhs24H9I4MiAbEhcAfUABZ6lIA&oe=69FF544B,"Athens, GA",https://www.facebook.com/marketplace/athens-ga/search/?query=gamecube,2026-05-05T03:48:45.078854+00:00,FACEBOOK_ACTIVE_CONTEXT_ONLY,NEEDS_MANUAL_REVIEW | NEEDS_MANUAL_SOLD_COMPS
facebook_marketplace_apify,Video game,5.00,https://www.facebook.com/marketplace/item/1470584364570306,https://scontent-ord5-3.xx.fbcdn.net/v/t39.84726-6/657393205_1246576277198297_3469769513677895277_n.jpg?stp=c0.44.261.261a_dst-jpg_p261x260_tt6&_nc_cat=109&ccb=1-7&_nc_sid=92e707&_nc_ohc=uKD2c-HWVNYQ7kNvwFoXOGg&_nc_oc=AdphwtXsyPi_20xTYv74fyPxgdmt3oz8aAOss9ndE3Y8EHWxbM9BaqcXcAElFJIF0aA&_nc_zt=14&_nc_ht=scontent-ord5-3.xx&_nc_gid=ubzP00xlmjo-deNTPlYEzQ&_nc_ss=72289&oh=00_Af7w9zZXxAESpJrvDcgv3PkNcclgSeEThPzAk7gdWhVLQw&oe=69FF2E1F,"Athens, GA",https://www.facebook.com/marketplace/athens-ga/search/?query=gamecube,2026-05-05T03:48:45.078859+00:00,FACEBOOK_ACTIVE_CONTEXT_ONLY,NEEDS_MANUAL_REVIEW | NEEDS_MANUAL_SOLD_COMPS
facebook_marketplace_apify,GameCube with Wireless Controller and 1080p Upscaler,120.00,https://www.facebook.com/marketplace/item/1581434456397980,https://scontent-ord5-1.xx.fbcdn.net/v/t39.84726-6/648961167_2665701750479611_707733162935480728_n.jpg?stp=c0.43.261.261a_dst-jpg_p261x260_tt6&_nc_cat=101&ccb=1-7&_nc_sid=92e707&_nc_ohc=etx20n85lucQ7kNvwFTkN8Q&_nc_oc=Adq8AUvlhWrQxggjwta0gxrIR0RMwgM7-VnecgFIC33KEKA6DXxQjsLmV8JlGod5YKI&_nc_zt=14&_nc_ht=scontent-ord5-1.xx&_nc_gid=ubzP00xlmjo-deNTPlYEzQ&_nc_ss=72289&oh=00_Af5ENB2aNTDQsTyY8_MsA8gUrUyAlStywK8oJ5csOImbfQ&oe=69FF3FD2,"Athens, GA",https://www.facebook.com/marketplace/athens-ga/search/?query=gamecube,2026-05-05T03:48:45.078863+00:00,FACEBOOK_ACTIVE_CONTEXT_ONLY,NEEDS_MANUAL_REVIEW | NEEDS_MANUAL_SOLD_COMPS
facebook_marketplace_apify,Gamecube,45.00,https://www.facebook.com/marketplace/item/26457343743920893,https://scontent-ord5-3.xx.fbcdn.net/v/t39.84726-6/672689963_915418518158464_6311295440113996911_n.jpg?stp=c0.43.261.261a_dst-jpg_p261x260_tt6&_nc_cat=107&ccb=1-7&_nc_sid=92e707&_nc_ohc=FUikr6ZJ5K8Q7kNvwFocdQU&_nc_oc=Adrr0rGY5dDvIL5M7wfZHZ1eSDBlBYl5bt-ibt0n20Y0Q4eiTMhafGzulgiVVaTeFPU&_nc_zt=14&_nc_ht=scontent-ord5-3.xx&_nc_gid=ubzP00xlmjo-deNTPlYEzQ&_nc_ss=72289&oh=00_Af5zjtvniin3R9JZnef3PC63ok2AxYekb9mmux3KeKfH7A&oe=69FF393B,"Athens, GA",https://www.facebook.com/marketplace/athens-ga/search/?query=gamecube,2026-05-05T03:48:45.078868+00:00,FACEBOOK_ACTIVE_CONTEXT_ONLY,NEEDS_MANUAL_REVIEW | NEEDS_MANUAL_SOLD_COMPS
facebook_marketplace_apify,"Nintendo gamecube black
No cables
Pickup in South San Francisco",60.00,https://www.facebook.com/marketplace/item/937124012642110,https://scontent-ord5-3.xx.fbcdn.net/v/t39.84726-6/681048140_962784853126490_5227902616396966246_n.jpg?stp=c0.151.261.261a_dst-jpg_p261x260_tt6&_nc_cat=109&ccb=1-7&_nc_sid=92e707&_nc_ohc=MW7vMaWcsOkQ7kNvwG9ud3R&_nc_oc=Adrj8gWxJ6Qr4r9Uz5L2XcSGkcCQzFq03pV0MgijJV-p9eFIg6Q2-eTU2Wb0hm7PwUA&_nc_zt=14&_nc_ht=scontent-ord5-3.xx&_nc_gid=ubzP00xlmjo-deNTPlYEzQ&_nc_ss=72289&oh=00_Af4NhvFwXBVhCAe0yl32aspTi1kWribtd80n4hxn7RpPaA&oe=69FF35E8,"Athens, GA",https://www.facebook.com/marketplace/athens-ga/search/?query=gamecube,2026-05-05T03:48:45.078872+00:00,FACEBOOK_ACTIVE_CONTEXT_ONLY,NEEDS_MANUAL_REVIEW | NEEDS_MANUAL_SOLD_COMPS
facebook_marketplace_apify,Gamecube console only,75.00,https://www.facebook.com/marketplace/item/3285146948335325,https://scontent-ord5-2.xx.fbcdn.net/v/t39.84726-6/655164754_1487339123018149_5209370237456907447_n.jpg?stp=c0.43.261.261a_dst-jpg_p261x260_tt6&_nc_cat=103&ccb=1-7&_nc_sid=92e707&_nc_ohc=_ZNhQmYwv_EQ7kNvwGakLdS&_nc_oc=AdqXLKGI0nj1XXpRumwbbVlpvtaY84ArTSkh81ImSULj0FI8Y7wLd7dkkAPaKkPECjo&_nc_zt=14&_nc_ht=scontent-ord5-2.xx&_nc_gid=ubzP00xlmjo-deNTPlYEzQ&_nc_ss=72289&oh=00_Af5n99WremPXMdvrqYScyeExlWbIno6Tv0GfU6F4kEZq4A&oe=69FF41DB,"Athens, GA",https://www.facebook.com/marketplace/athens-ga/search/?query=gamecube,2026-05-05T03:48:45.078876+00:00,FACEBOOK_ACTIVE_CONTEXT_ONLY,NEEDS_MANUAL_REVIEW | NEEDS_MANUAL_SOLD_COMPS
facebook_marketplace_apify,Platinum GameCube System...Games...Controllers..Memory Cards..,75.00,https://www.facebook.com/marketplace/item/991389383397343,https://scontent-ord5-1.xx.fbcdn.net/v/t39.84726-6/661477612_1276379097156498_9134221316665888280_n.jpg?stp=c20.0.256.256a_dst-jpg_p296x100_tt6&_nc_cat=108&ccb=1-7&_nc_sid=92e707&_nc_ohc=Au6laIpmZ44Q7kNvwG9RFBb&_nc_oc=Adq0lvvL5Pk_q414FYv4gCVVH_O66QzxfigYjmRC3vsYlnnvjJmlxGB_XIDGw3yXqAg&_nc_zt=14&_nc_ht=scontent-ord5-1.xx&_nc_gid=ubzP00xlmjo-deNTPlYEzQ&_nc_ss=72289&oh=00_Af5o3EixUhWPpIj60HX_Pogsjnzi8YGngorwnPQ62VgKOA&oe=69FF320C,"Athens, GA",https://www.facebook.com/marketplace/athens-ga/search/?query=gamecube,2026-05-05T03:48:45.078881+00:00,FACEBOOK_ACTIVE_CONTEXT_ONLY,NEEDS_MANUAL_REVIEW | NEEDS_MANUAL_SOLD_COMPS
facebook_marketplace_apify,Indigo GameCube Console 2 controllers 1 game,100.00,https://www.facebook.com/marketplace/item/1719998352559326,https://scontent-ord5-1.xx.fbcdn.net/v/t39.84726-6/684236742_742861618916284_5252357326718470566_n.jpg?stp=c0.43.261.261a_dst-jpg_p261x260_tt6&_nc_cat=111&ccb=1-7&_nc_sid=92e707&_nc_ohc=Qd-yUjhWPV4Q7kNvwHh_Cf_&_nc_oc=AdrKuRspitPEM4wzn_kwnC7jb2ZU9UX4DW7lGiFCcvP8yi7vSSP7csfColCkIRVGMwc&_nc_zt=14&_nc_ht=scontent-ord5-1.xx&_nc_gid=ubzP00xlmjo-deNTPlYEzQ&_nc_ss=72289&oh=00_Af4634fNGXdXln2-RtGexY3kqgIn0y4GGX2ET84oHPiYIg&oe=69FF390C,"Athens, GA",https://www.facebook.com/marketplace/athens-ga/search/?query=gamecube,2026-05-05T03:48:45.078885+00:00,FACEBOOK_ACTIVE_CONTEXT_ONLY,NEEDS_MANUAL_REVIEW | NEEDS_MANUAL_SOLD_COMPS
