model,brand,category,title,sold_price,sold_date,condition,url,comp_classification,reason
,,,2 New Harman-Kardon Tuning Needle BULBS 6.3v 70mA Lights - HK385i Dial Pointer,4.0,2026-02-19T00:00:00.000Z,,https://www.ebay.com/itm/127324379468?_skw=Harman+Kardon+HK385i&itmmeta=01KQV2KZ03ECXZYGQW6774HF6P&hash=item1da51fd94c:g:I10AAOSwXddjKMdf&itmprp=enc%3AAQALAAAA8GfYFPkwiKCW4ZNSs2u11xDvGsizqCe%2FNek7VRdU3wpQJydAXJBX0ZF0h0j0VEJcebD962dwcDCdQrxB3AIvRI9vtJD31oG8HE3V5p36Qbbmzyr8a87xFle3ehwqIoRBWrGCltBbkKvIG5BJgu8%2BD0kYKhJZhBysEsw%2BMi6hOcdlt5X1HNHYu7H5hfsXfVcJYVwI0aHv8jRSR%2BoyAFvbsoAGP1Ptt2QRgydcVc1l4UR5JmFrrbwOIgx7FrJ3qe41gSTbdxcwUeyWHlyK8ViCJb0zUZWwusDPJkld195hy1YDIvSH7lYJEorRbQP4CAtOEA%3D%3D%7Ctkp%3ABk9SR7Dwz-K-Zw,REJECT,Hard reject term: bulbs
,,,A1103 G4 Mac Mini 1.33ghz 1gb Ram 80gb HDD Radeon 9200,149.0,2026-05-04T00:00:00.000Z,,https://www.ebay.com/itm/206243273589?_skw=Apple+Power+Mac+G4&itmmeta=01KQV4NQRECMZKW3DP8RRF2R13&hash=item30050e9b75:g:m6cAAeSwkJNp6ph7&itmprp=enc%3AAQALAAAA0GfYFPkwiKCW4ZNSs2u11xAtWWKOzoRIxrGJLRZI0uz%2BWcl4aAigd6M7xer2rQljPYC6qnncVoL0dx8H3fjRQeaWtDDMQjas3nSfSQS7euAbH4pmt6DibdO1iKTba4277HxgalGXmKVIOxY3O1lgAoleyajh2JG6kNZP3d1ugzle1RQyTTeBVZ4Q4nLviyduMFoy6V1jaATneEjDLo07vXwDKMlFVh01GRMzZHeqs9j%2BU%2F2ZK6fLK%2BfVWp%2BKcOTmihzeK1O1g5uJ7g4mEkcEsbg%3D%7Ctkp%3ABk9SR7L81uS-Zw,REJECT,No exact model detected
Apple (model unknown),Apple,unknown,"Apple A1058 17"" AIO All-in-One G5 PowerPC 1.80GHz 768MB RAM 250GB HDD",56.0,2026-04-29T00:00:00.000Z,,https://www.ebay.com/itm/137254332368?_skw=Apple+iMac+G5&itmmeta=01KQV4NM18TQ7PTRBGQ3B2MC5M&hash=item1ff4fee7d0:g:yGkAAeSwe5tp6720&itmprp=enc%3AAQALAAAA0GfYFPkwiKCW4ZNSs2u11xCoDLuR%2Fs9hqGZXhY%2FSU8yufDs%2ByjlZFAOU17274pllJzI%2Ftr6bDEhxztiaQJC6O%2BEx7KmGZY5vTeIw%2F0S4M63y9DIC8gMd43HgWlP78j6PAf6K1yuCojleNl0wZXY43BmfRpOazHT9Dp1Yus9xkR65i4RMTFwY27PvuW9YaryGZCUefClAqeomI%2F7PLqYMWdBwhVfqObJUEM6VwLAGN9i2md9fX%2FBn95VnBPscffp3w8R%2BLhVoVe%2BCCKr3rWuNjew%3D%7Ctkp%3ABk9SR_LA1uS-Zw,REJECT,No exact model detected
Apple computer (model unknown),Apple,computer,"Apple iMac 15"" Desktop With DVD Drive",67.0,2026-05-03T00:00:00.000Z,,https://www.ebay.com/itm/366371543644?_skw=Apple+Power+Mac+G4&epid=78109922&itmmeta=01KQV4NQRE5Y0Z744KQRW8G78V&hash=item554d721a5c:g:tJMAAeSw-dNp7nWy&itmprp=enc%3AAQALAAAA0GfYFPkwiKCW4ZNSs2u11xDq40j0gb81hNmNiCOpc%2F8MepS0DXBTi%2Buz1vLOmqm5BdNf6KVE3ZINoE1kcFnsaeuOPH1pr6lfFpkchXGBFpl0QWXq4%2BswKi%2FkobuZMFkfstNJ4KCjC3KcIQFu6erv1Lh9bBUWhBgcN4n6pI8sDxj%2Fxd85Jc7cSA6QWOKPhHTH3WVky4%2BXdi%2Bmj27KfXxDU%2FFlaD5BjHevFR2zUOuKVjHQDZl3jb9QG1UmS2FEmRgHxX2B6O3TGnyM5o%2Ba2CJFOlw%3D%7Ctkp%3ABk9SR7L81uS-Zw,REJECT,No exact model detected
Apple iMac G4,Apple,computer,"Apple - IMAC G4 2.1 M6498 - 700 MHz 1 GB 80GB Geforce4 MX 15""",174.97,2026-04-20T00:00:00.000Z,,https://www.ebay.com/itm/155501649961?_skw=Apple+iMac+G4&epid=1101592893&itmmeta=01KQV4N9MCQ3HM6BEQT7114MGS&hash=item24349ee029:g:QdQAAOSw9ZlkNukC&itmprp=enc%3AAQALAAAA8GfYFPkwiKCW4ZNSs2u11xAKUOrrbfAC%2BljhpbaGMgsbrKv7mGGI2aT6edBhR9khtE5e%2BP%2FN4tfGn6gHoYPcSTVcYvd%2ByjATZod9G7HKEe5fgjnjvpZgOd7apbCofUapeTgC7YsT9uWcMF1noOr46QiwCTAPx3EFgi2q%2Bde3UU%2FoNi3nSzyUYDC6hO9p8w4gIXnWv9pqALhRt1H59APEPYTz3IOdzzq5Mc4yqkdEpFGem4htvCH1rYBqF6pZOcdje2vHnaBwOD7U3GwLUlocyjwSPcEsucJMAOK1FanMt7uRCVo04AX9kvLJ1MB%2FokyX%2FQ%3D%3D%7Ctkp%3ABk9SR8Ka1eS-Zw,FULL_UNIT,"Exact model, no hard reject terms, above price floor"
Apple iMac G4,Apple,computer,Apple iMac G4 1.25GHZ/ 256 MB / 80 HD M9290LL/A A1065 with 1.25gb ram upgrade,320.0,2026-04-22T00:00:00.000Z,,https://www.ebay.com/itm/267628184842?_skw=Apple+iMac+G4&itmmeta=01KQV4N9MC1X7MNSPX0688X68G&hash=item3e4fe2050a:g:yqAAAeSwdj5pzzWw&itmprp=enc%3AAQALAAAA8GfYFPkwiKCW4ZNSs2u11xAhruqeozBUQL4jew033ku58HIVUQNensTXzJ9GVqZrsg1STBSgXbT%2BwpYAIOr5jXuCepfRddB5prNUY23sIXow1PYo7U8Ffaf843Vi5Clyd0hNaFl9plLl3dxG9aRttOjvuO907n2P1sORr7M2l8xpy9qHMQifV3bPjQwLVRP%2F0E6jD4hSpl0ii5r9kvPlbJTh7vBzWEivI6qi%2Fu0Bx3f8Zu6HZfkOcDdUf4PuddqL%2Bmb%2FRAznwRaSxHxX1ScWgmC8YWeMrC%2FPxTJ%2Bw1LxTsUdzxL4Yi7ytVzedA9lJ71PVw%3D%3D%7Ctkp%3ABk9SR8Ka1eS-Zw,REJECT,Hard reject term: upgrade
Apple iMac G4,Apple,computer,Apple iMac G4 Lamp Shade 15” Computer Keyboard Speakers Powers On Locked,199.0,2026-04-30T00:00:00.000Z,,https://www.ebay.com/itm/267648796289?_skw=Apple+iMac+G4&itmmeta=01KQV4N9MCM07YEJQXW83FT2CX&hash=item3e511c8681:g:zrwAAeSwnxZp6nKo&itmprp=enc%3AAQALAAAA8GfYFPkwiKCW4ZNSs2u11xDQhtVrdDvTw2JsmYA%2BrOANTgcG8YISCTlIx%2FSlLbyFCIVJriI3M0wvg5qi1JkULQw45PwbGPZo4GRygU%2FQeHG3u2skRwmTC6OWwyu1tC5jBVRJwugnPQaH3jwk5HaiVn5Zwo5%2Bh7NaRAUWp7ZaAW%2F5R9PMPveoiIg2qnjsoX50%2BzqGtxXvoDdDoDNoHJWa5gc6aIgbeASDH%2FnodHTE9YWr250zDoBMuqXvC%2F5Yy0oXsdP22WOQ1iLCqht5bxwZwk%2FouXJFUd81LGkSd%2BLKrY%2Bk3Mf3p0oJB2%2Bxp2tRHZa%2Buw%3D%3D%7Ctkp%3ABk9SR8Ca1eS-Zw,REJECT,Hard reject term: lamp
Apple iMac G4,Apple,computer,"Apple iMac G4 M6498 15"" Screen 700MHZ 512 MB Mac OS X 10.4 Tested",51.0,2026-05-03T00:00:00.000Z,,https://www.ebay.com/itm/298256664208?_skw=Apple+Power+Mac+G4&itmmeta=01KQV4NQRENRTT919K3K7RY6BM&hash=item45717b8690:g:E~YAAeSwQIpp6lxV&itmprp=enc%3AAQALAAAA0GfYFPkwiKCW4ZNSs2u11xAjaLH6yKuysAKLkQDz6MCAIAeP%2F55hyp%2BdeSLb%2BsIYA3shp1%2BAcmPNQCUqvs46Gou29wfDGDsvRAPpvBmUyulDrjmPKoSZJSFCS%2Bwgap4eOBmpXEYQ7dCyRVlCOj3iE4ZzA%2BPU3%2BFjbDmadZZXxd3lOBGOV%2FmiCRpYsHvDe3NXpsETd%2FkSyzlEJt89VaVWTfiTbz6X7pC%2BiKV2GmAej1VXtXPt6CNAEBbX0Ev%2BhxB0s6%2BqC0Qu%2FUVqWbLEuJ27hOY%3D%7Ctkp%3ABk9SR7L81uS-Zw,REJECT,Below full-unit price floor for Apple iMac G4: $51 < $150
Apple iMac G4,Apple,computer,"Apple Power PC Dome iMac g4 15""",189.0,2026-04-19T00:00:00.000Z,,https://www.ebay.com/itm/327110611015?_skw=Apple+iMac+G4&itmmeta=01KQV4N9MC0D34KQC40DRBFNC2&hash=item4c294fd047:g:FcAAAeSw8oNp49rV&itmprp=enc%3AAQALAAAA0GfYFPkwiKCW4ZNSs2u11xDGNThXiIkInKrETHlPps8gpSopYm7PjhgvtETrF2W3r86aN89Pl68R%2BgqFx%2Fuyh%2Fe5mbZJrt1nSEOtJbD%2FDo4lFmYcIzEFX%2FW0td7bWi3e9NH6Wh%2B4SR183vXQ7cDE%2BE%2Fep3uYGxJKxo%2FhGZjFaRbiAjnLkWvEtnrAYKf3J7%2F6IOHXAV1%2FNQpuX%2FHhdfUpngyIXzdUwivTLgAUDc1aQsSQSDJdlGpajfTFsNf8LT3jXkT7H94P6kLfneWd0XYmyVs%3D%7Ctkp%3ABk9SR8Ka1eS-Zw,FULL_UNIT,"Exact model, no hard reject terms, above price floor"
Apple iMac G4,Apple,computer,"Great Condition + Working  Apple iMac G4 20"" 1.25GHz PowerPC Model 4,5 2003",2653.09,2026-05-04T00:00:00.000Z,,https://www.ebay.com/itm/226996320437?_skw=Apple+iMac+G4&itmmeta=01KQV4N9MCDF050DB75ESR58H2&hash=item34da08f8b5:g:xswAAeSwPJ5o2CPa&itmprp=enc%3AAQALAAAA0GfYFPkwiKCW4ZNSs2u11xDTTcxJ14pyYdbjxM9ouuxkOwEq2IJRzrld9dK%2FaRwFkxB%2FJEk2XqMnJs5NFJF9gE2SL3ffytyIJHFjOOSIa6PFgCwxp0itU0w8skBz%2FC29J2z7JyxnPubR3eq25Tm34mzp%2BEtJhgXhfBzrzJFoApDmGBt1vtlNXwfpRUdDNZ1sGWHYkl21zBWlyopMWBpwutBYIiAzXFzur2IyZi2KM6B7I2k4R%2BBpgjxcswTwepBBEFTaIKB3y9b3JuRleqInGP4%3D%7Ctkp%3ABk9SR8Ca1eS-Zw,FULL_UNIT,"Exact model, no hard reject terms, above price floor"
Apple iMac G5,Apple,computer,"Apple iMac G5 17"" | 1.8GHz PowerPC | MAX 2GB RAM | MacOS 10.4 Tiger | TESTED",125.09,2026-04-22T00:00:00.000Z,,https://www.ebay.com/itm/406824311288?_skw=Apple+iMac+G5&itmmeta=01KQV4NM18DDSRJZ45WASA1GJT&hash=item5eb89e59f8:g:auYAAeSwoSJpvfkf&itmprp=enc%3AAQALAAAA8GfYFPkwiKCW4ZNSs2u11xB5DJH8PixgHWsNMCrHX0r5PWRUMQrrWaKmlc9iPQmfG2LIOPqpcoLPnphxfBsCiw3pBkgJwww5zL6QVX4CNTgT9gOpXSjl8DhShzaZpBPFoqGFUKQdqmerOtgjarJTbLHKvB%2Ffd5V%2BVN5JGEFz3FMzlnLWSmdZ9f0cdopdfIGzvl20GNw9Azt4zawz7NRRP1XuT8ysT181TW6dEQnyDwZpiswE1XBmI5ZpHzZp4H0O0YmE%2FlBAHSy2caIq%2FqkWSG9NPI21Gg%2FeSVk2lolBOg95uWkOgRnFK23GNbzO%2FBxnJw%3D%3D%7Ctkp%3ABk9SR_LA1uS-Zw,FULL_UNIT,"Exact model, no hard reject terms, above price floor"
Apple iMac G5,Apple,computer,"Apple iMac G5 20"" A1076 1.8GHz PowerPC 160GB HDD 768MB RAM Original Box Tested",219.99,2026-05-03T00:00:00.000Z,,https://www.ebay.com/itm/287293887845?_skw=Apple+iMac+G5&itmmeta=01KQV4NM18V00W8TBA8DZK9KK3&hash=item42e40cd565:g:QIIAAeSwWi9p7Qp9&itmprp=enc%3AAQALAAAA8GfYFPkwiKCW4ZNSs2u11xC6sxkGsClrECqQ9jixzbnfGrBziT%2FCi4LPw58zKypuG8r4mx338y0oOELrRHyClhh4YEBiKpue2%2F2EsxgKWfOjTV2Y1u1XyJyn6GOEq7gWbN8OYI3d9n99DphFdZ%2BxrvPJoA4AYipvB8GfTou%2Fmzy54L2kTtCkKPuJZ68vMrgeKz3935HR3bDHQJAeJP0Q0HCrP4MqZJ2MqFrUjQr1x8mdd%2BBZRt1w3LKYHxgmv%2FUAPB26ramqDzO2%2BYAok8LWBW2XqiCCJIDYTowo6hUrUSm4vEwMyV2BVm9RGZf69Q6yuA%3D%3D%7Ctkp%3ABk9SR_LA1uS-Zw,FULL_UNIT,"Exact model, no hard reject terms, above price floor"
Apple iMac G5,Apple,computer,"Apple iMac G5 A1058 17"" All-In-One Desktop – Tested & Working – No Keyboard",69.99,2026-05-04T00:00:00.000Z,,https://www.ebay.com/itm/227326842055?_skw=Apple+iMac+G5&itmmeta=01KQV4NM181Z27E18TMP989TRX&hash=item34edbc54c7:g:t48AAeSwh5Vp9i9a&itmprp=enc%3AAQALAAAA0GfYFPkwiKCW4ZNSs2u11xCG%2Bcxf5jDQ3wU1VypGigapSPTOEeov%2BFlbZ3iI9E2MZcEL8SAFnmmwpbAm3%2B2Jlwjd9hoSCZZdpHhnR%2BDfSX1f3lVsI1N4NYaPi3%2BF23Qk9H4sl6XDON3ixaz3PuDy0LRrtcM%2FdVCM5cj8P9Gq5%2FMIq--qOkjGilf%2Bieo9%2FFXmJFy6NqebGBKThSQAOpq8SEz4xynZCZ5MIDUADVjS5l72u%2B4EsFVpYTnFgWJ%2B3yv5rmK5UcDkOKDwHIm8nXKq5JQ%3D%7Ctkp%3ABk9SR_LA1uS-Zw,REJECT,Below full-unit price floor for Apple iMac G5: $70 < $75
Apple iMac G5,Apple,computer,"Apple iMac G5 WORKING With Keyboard, Keycap Missing",120.0,2026-04-20T00:00:00.000Z,,https://www.ebay.com/itm/127800138712?_skw=Apple+iMac+G5&itmmeta=01KQV4NM187AX27Z6ZAFZ3F2SF&hash=item1dc17b5bd8:g:MxIAAeSwE2hp1xsf&itmprp=enc%3AAQALAAAA8GfYFPkwiKCW4ZNSs2u11xCSceqqEgnheys%2FKOYnxBYgFOdb1HStv4HH9sgxfGpMfdj5g9zFN2RfOu1CSZyLc2%2FY2vsOVX5iX0wXddLuv4wh7ACoMxt7Imgmzc3IfFoNmsXUFEEcx8BBILFSx5XfAT6QSnZ554QCTl0fL2fjBoRmilw7Eeqbqio77jUMXnZUdvd2fyT0YeRHVPj6Tm%2FAdvi117fuRCC8AZTD9mf00y4Lc1zhuzFnfQEnvCNs%2Bylg4QrRMZXT2PBx2aP9xJkRwXTUXetz4u55wDo1Qr01burYAtkzo7074mgiD8Av6PaBOQ%3D%3D%7Ctkp%3ABk9SR_LA1uS-Zw,FULL_UNIT,"Exact model, no hard reject terms, above price floor"
Apple Power Mac G4,Apple,computer,Apple Power Mac G4 Desktop Computer Model M8570 No HDD Untested For Parts/Repair,159.99,2026-05-03T00:00:00.000Z,,https://www.ebay.com/itm/318238517819?_skw=Apple+Power+Mac+G4&itmmeta=01KQV4NQRE8NFJ2MVQTPFRZ7FX&hash=item4a187e6a3b:g:Xo4AAeSwZoxp9kLv&itmprp=enc%3AAQALAAAA0GfYFPkwiKCW4ZNSs2u11xDSscZas05Bv%2FtjA%2BqedyyzAMEWvDGI8ygsJop1IFn8NRIPhc%2FASHa1%2FPbP2DyNafRkyMD0EaEyac5ckDnTmQHwPhjDPFZkJRZHOioTt42DfpPv6NOF%2BvrREMbDoq4BVUUGq9FmX3akESMKIVIkzPO7I8eobVwD00GmQ%2BHNk1MRq0Wbmv3JX8kA3bqPW%2FUIWpVq2koUUsQW6sKEEc8TJc3ICd%2FB%2FY3k4hM20Bq70sbs68LMcmOgcBDH1BuNZdWYoY0%3D%7Ctkp%3ABk9SR7L81uS-Zw,REJECT,Hard reject term: parts
Apple Power Mac G4,Apple,computer,Apple Power Mac G4 For Parts Or Repair  Powers On With Box,94.99,2026-05-03T00:00:00.000Z,,https://www.ebay.com/itm/397897707676?_skw=Apple+Power+Mac+G4&itmmeta=01KQV4NQRE7KY5802BAC3KHNMR&hash=item5ca48d309c:g:e4wAAeSwATdp89nR&itmprp=enc%3AAQALAAAA0GfYFPkwiKCW4ZNSs2u11xCvj%2FrSQoK3rj79MswBIl9L1aZa22dvH31k19qQuycqNNRvYCDLlweflBEaVoIvRr7gdVPGseDHwwJozz%2FdTu%2FdMwjkS4nISqO5iew5Ki0Ji76E6%2F3lAi%2F8OoG8ciYsxn4OCwKjI5OluE%2Fnsll7fRSA3%2FDG0Wt1gP%2FpfBtRSIJr73JaW1eLDGpEluTtAzTIkA2hhSTL6%2FkhjRM6A%2BWfSnB3FplLj1%2F%2Bbm3O29t9%2Fr5YvVlm6dgwM2CFy5vICGDg7vo%3D%7Ctkp%3ABk9SR7L81uS-Zw,REJECT,Hard reject term: parts
Harman Kardon HK-385I,Harman Kardon,receiver,Harman Kardon HK385i Stereo Receiver Silver Face - Tested,119.95,2026-02-16T00:00:00.000Z,,https://www.ebay.com/itm/389522264435?_skw=Harman+Kardon+HK385i&itmmeta=01KQV2KZ03V4Z117W47WTTFYXJ&hash=item5ab1561173:g:NWEAAeSwR~VpcTB6&itmprp=enc%3AAQALAAAA8GfYFPkwiKCW4ZNSs2u11xAlC25wwnF3EKhg7iupEXk%2FS5EKVqgUFTwUxZiQvLOrewjmn2njhhHznH5VL86Jx9iQArTkHrCI%2Fq8D2QucUOcPFJPFg%2Bmim0k73QqWHPLXSLRwA4xN3Mc9JM%2FkDNWSdkJdySc1eQY9COaiPghQm%2BJU3mkQGjbC5hn1Spb7VM%2BPXT62O02EufH47%2BWbkTpx9P%2B6O%2FxqDMoH%2BpSZI2Acq306LbD5QQB%2BbG%2BYB%2Bph51OiPzdNu%2FxmwGgCC4bsezYXB9AJPu4Fycka9qPDO8EMGmvC6ZQzewgT%2Fiwx%2F1SqG9hUsw%3D%3D%7Ctkp%3ABk9SR7Dwz-K-Zw,FULL_UNIT,"Exact model, no hard reject terms, above price floor"
Harman Kardon HK-385I,Harman Kardon,receiver,Harman Kardon HK385i stereo receiver. Excellent Condition. Serviced. Tested Ok.,129.98,2026-04-02T00:00:00.000Z,,https://www.ebay.com/itm/117025955367?_skw=Harman+Kardon+HK385i&epid=660507456&itmmeta=01KQV2KZ032VKSTCF83K7DTKZG&hash=item1b3f4a5e27:g:Lp8AAeSw9MBpiHyR&itmprp=enc%3AAQALAAAA0GfYFPkwiKCW4ZNSs2u11xDpze5D2koqD%2BqbBH79wKfzK47lkkoIl8N9kWs%2B54teRBTROpem4xMP%2FP7qpELUdEW2sv3cuZl4sFMWBlAI0wgaLdegUA9AHKK2sma1%2B7fDdKAcJzpuc8jU4pIPoShmO7uvmHBjwaaUCHIH%2Fny9qFbgBZxEe0tCFuw1worUenYWUXpJQO4SrbRfWhZ7HTacaxmFeu4OY3kKnJnN%2BZ0GZyO2lK5efVvubiOeu3Sw--S%2Bq9KjyHz1mxNpRbHpSSOjYOU%3D%7Ctkp%3ABk9SR67wz-K-Zw,FULL_UNIT,"Exact model, no hard reject terms, above price floor"
Harman Kardon HK-385I,Harman Kardon,receiver,Harman Kardon HK385i stereo receiver. Excellent Condition. Tested Ok.,93.5,2026-03-04T00:00:00.000Z,,https://www.ebay.com/itm/137085541403?_skw=Harman+Kardon+HK385i&itmmeta=01KQV2KZ03AGMJTCZWY4GQR44X&hash=item1feaef5c1b:g:ZCAAAeSwTz5ppM0I&itmprp=enc%3AAQALAAAA0GfYFPkwiKCW4ZNSs2u11xBIY4KA0xdqkiXlZTjVqe0j%2B8RX2pDmjOOfdLcNJVRiWK1r7i29decSzvbbcVNxCBNnWoQ7bjKB4w4j3M2ux%2FubmpemawyumY1OsaMycrAGvF3ymeDMjxxOahYKFv8xxgDi2VUAUiSDjykORtFoDMGgvsS0xFplvWIbmbLim7DmfhxORlYuDeUKur6cn0l0CPauP3kgGmiX%2FKxdoLyYeinbicZaeQn5lriSNaNJ5WwzxvfiRRmkxPJfrDwMKBLc5gI%3D%7Ctkp%3ABk9SR7Dwz-K-Zw,FULL_UNIT,"Exact model, no hard reject terms, above price floor"
Harman Kardon HK-385I,Harman Kardon,receiver,Harman Kardon HK385i stereo receiver. Excellent Condition. Tested Ok.,93.5,2026-03-04T00:00:00.000Z,,https://www.ebay.com/itm/137094864642?_skw=Harman+Kardon+HK385i&epid=660507456&itmmeta=01KQV2KZ03B8BN6HMCKQSNG61P&hash=item1feb7d9f02:g:ZCAAAeSwTz5ppM0I&itmprp=enc%3AAQALAAAA0GfYFPkwiKCW4ZNSs2u11xAr2OT9dkh7sZGB%2BtnBsi%2BudIxkCXcGUrsuq3hCBaJ3%2B7Zwdxyul3LSSwARakePgL2pt3GKcxbG%2B5dLSbudGWcskuj%2Fb1C52UKxNnb%2FYnbD900NSLqm2Wso6d34GsCnVO5Ms2hGRcPQpxNRbDv5YvHuFbVuHt5gL0CvVTay19%2Fx%2BiFXsCSHXA4k96BdcmPbUWkIAfTsLKc8GUSz%2FnZj7VZVOgTViPQIlD4ELCXwB8XYyBRqz%2FCJo2b6zoflnzIkY00%3D%7Ctkp%3ABk9SR7Dwz-K-Zw,FULL_UNIT,"Exact model, no hard reject terms, above price floor"
Harman Kardon HK-385I,Harman Kardon,receiver,Harman Kardon HK385i Ultrawideband Linear Phase Stereo Receiver working!,74.99,2026-03-21T00:00:00.000Z,,https://www.ebay.com/itm/146841360385?_skw=Harman+Kardon+HK385i&itmmeta=01KQV2KZ036M7Q8G193TZWR0CB&hash=item22306d5801:g:u4cAAeSw7QRozMjE&itmprp=enc%3AAQALAAAA8GfYFPkwiKCW4ZNSs2u11xDR0OyDppEPmNqiEneWR8Pm7OgU9sTWiRbNepH%2F%2BoktYC%2B2aklDJqYZDPD5qpzU1QFyr7ZXCQyR3K61lrFNp8Eek9oz%2FyXfc8PfdmxOIRhgPPFixKfzwyKl8QlMqpGjM%2BDnNVDlRl2N7dDgqyTr1mI0LFNVwWlDHCS4TyE9Y7ohG%2BYIUGWBqVvavPb8In4jlmhPm6T8lI6Wfu5yN6K8MhzQOMM5gCS0l3Dyhy9DkgcHrC8toNRPFyr8rW0pgtBBcdW4EzrmWkcs%2FLS2Z00tTpvwiE5HyFW4jRCN5dRFWB1iqw%3D%3D%7Ctkp%3ABk9SR67wz-K-Zw,FULL_UNIT,"Exact model, no hard reject terms, above price floor"
Kenwood KR-2300,Kenwood,receiver,Kenwood KR-2300 AM/FM Stereo Receiver  Tested & Working,112.5,2026-04-03T00:00:00.000Z,,https://www.ebay.com/itm/227110457757?_skw=Kenwood+KR-2300&itmmeta=01KQV29AR7K30EXM6DP6B5YPV8&hash=item34e0d6919d:g:7VcAAeSwfntpLPzf&itmprp=enc%3AAQALAAAA0GfYFPkwiKCW4ZNSs2u11xB95DfT0ItFQhbCsFMICaURt7tKbYrmS11wdKgT%2BQB%2Fk5WuoVH4PXJFShgdlNpZZ%2BKWyVQz%2BCeXW6EOd5IsYy27gM7947xVw5aG4YEume1Ji%2FleduwvH%2F4CrdjKKfIuuGhTcrLyQUpj3s3ca3ptOztHdj9hNjCY8t1mDYA8974u9CmVOF44GO4oCfOQ%2FVXB%2Br6S2q9d7GBSgPzeDEnpcTthASi6vlORgvBkBhCn9qw5cb1yHzoNaw1xf99y%2F5Sl%2FU8%3D%7Ctkp%3ABk9SR7aspeK-Zw,FULL_UNIT,"Exact model, no hard reject terms, above price floor"
Kenwood KR-2300,Kenwood,receiver,Kenwood KR-2300 Solid State AM-FM Stereo Tuner Amplifier Phono Aux Tape Mic,125.33,2026-02-17T00:00:00.000Z,,https://www.ebay.com/itm/177710637039?_skw=Kenwood+KR-2300&epid=17035632251&itmmeta=01KQV29AR78NK28B1P1C7F7RCH&hash=item2960611fef:g:zicAAeSwqOJpJmnr&itmprp=enc%3AAQALAAAA8GfYFPkwiKCW4ZNSs2u11xDqj%2Bh%2BTxxRXELRwNZss25Kn25yTN40c3fv%2FTHCx74Nhosgf6DBryge3rdTmJF0fwl%2FXcyDLkBTbFowZ6Gl5s8SntfqJYckkaXnPqTZL2aKzkZ%2Bj0fkqh%2BAOpR074D0g44vy%2BnIvORG6qrb9Tg6GHyWwBkjBZT8cWNvedQNbF2c7OOATLbDEmL6DoCvvViHYGN%2Ftx8iRpnUSvQqev6seVtdCvkuPpxg5%2BD7Q%2F7uMnQHQIlOIuUk03HIYLto9vOvmaCi8nprWR81noo%2Fd9tcTydzkRIkAtt3SGjECF7jSjb8zA%3D%3D%7Ctkp%3ABk9SR7ispeK-Zw,FULL_UNIT,"Exact model, no hard reject terms, above price floor"
Kenwood KR-2600,Kenwood,receiver,Vintage Kenwood AM/FM Stereo Receiver Used Model KR-2600 1976 Trio SWEET!!,137.77,2026-04-28T00:00:00.000Z,,https://www.ebay.com/itm/397880461094?_skw=Kenwood+KR-2300&itmmeta=01KQV29AR7VWHVC80CBB678JSB&hash=item5ca3860726:g:gL4AAeSwsotp7TzM&itmprp=enc%3AAQALAAAA8GfYFPkwiKCW4ZNSs2u11xB%2FVM%2FJ0xBGmt4%2Bd62I8aCnUVgYesLuZNsKV9tVYNMPAXfx%2Fp5d4bpUdB%2FFpIw1N9U%2BmVS5pmKQ8J21Ka0O6LUscvb7wNsofs%2BcfwsBVeenSO3CF2EJqggrKcL1DFcOwRO4eas53ZVMycjD8c6pBcgjwDvIFlHSq0v3M59QVzpNxrUBM%2B20rRyflNXk%2Fg97899V%2BM19d9QA2v%2BWN5nC0uiW7fbIMdmDYdkRk3WBCdox9GYrCF8TuelrSyd3eS0nwJ6ajYJptMBdcFRnzYZxzAZA6k4BFiFRbykLCpT4IcRVfg%3D%3D%7Ctkp%3ABk9SR7ispeK-Zw,FULL_UNIT,"Exact model, no hard reject terms, above price floor"
Kenwood KR-3090,Kenwood,receiver,Kenwood KR-3090 AM/FM Stereo Receiver,145.0,2026-05-04T00:00:00.000Z,,https://www.ebay.com/itm/327138483486?_skw=Kenwood+KR-2300&itmmeta=01KQV29AR7F04DT3WM79H9GHJ9&hash=item4c2af91d1e:g:WXoAAeSwHUxp9~ZZ&itmprp=enc%3AAQALAAAA0GfYFPkwiKCW4ZNSs2u11xBipDXMvsEnt0NRlytU2ol11t2U0%2BlFkuxGsyz51alG6a9B6GiAjyOvvS3VgJrlgSfFCeo%2FHXnt0XFDif5zn0i6RlxoLCaHUzybWQYmwdplY2y9GGXiD6qLCfL2Nf%2F1KY8esGybdiPlrEMPDCdOjhc5556qO8N7USdDqcZnvOgyLEbNtc38%2BYjuJ%2BNaHgN65d1IZH1XPcedazixA0rpRDco4a9iovcZ6a1AysSSa5RuiTUcLuLkWDmzntBUdGhYb%2B4%3D%7Ctkp%3ABk9SR7ispeK-Zw,FULL_UNIT,"Exact model, no hard reject terms, above price floor"
Kenwood KR-4070,Kenwood,receiver,Kenwood KR-4070 AM/FM Stereo Receiver Perfect Working Condition,249.99,2026-04-29T00:00:00.000Z,,https://www.ebay.com/itm/389591605440?_skw=Kenwood+KR-4070&itmmeta=01KQV2949VA6R8G1N4841RP9EJ&hash=item5ab57820c0:g:zqwAAOSwFEBkxakC&itmprp=enc%3AAQALAAAA0GfYFPkwiKCW4ZNSs2u11xDXLc4F7vBKopBZPXOXBpOxiSrl2YPI6IxFB96GERJTzq0YYEaRoqpaDWXXDkiJIANnz7ftTxHstl0XgJVp31Bg0P%2FJN6Ek%2BQunqSubJQt2Hqvqh6Lmb1A43khE4GCpEWdrAm8VIXT%2BfrCosFP%2FB3mi8fY1JeO7pZQswLNQ13G7AlmzPReNiYRaV%2BDa8T1J9ENjT8p3nUBDdMUrr3EgdXuOStUTTaJUCa920e7%2FvoaRUvs52ve%2BucZLwncYHf8Zcx4%3D%7Ctkp%3ABk9SR47FpOK-Zw,FULL_UNIT,"Exact model, no hard reject terms, above price floor"
Kenwood KR-4070,Kenwood,receiver,Kenwood KR-4070 Stereo Receiver For Parts Or Repair,90.0,2026-04-20T00:00:00.000Z,,https://www.ebay.com/itm/127815588233?_skw=Kenwood+KR-4070&itmmeta=01KQV2949VH0JFWNTSM59Z6AQD&hash=item1dc2671989:g:k2IAAeSw7aZp4oPO&itmprp=enc%3AAQALAAAA8GfYFPkwiKCW4ZNSs2u11xBRjz6I0FBGe89rY2HbiK2139NlkEQbVilVTzyWx3Si4Fwilxy0SoZewhUGTURaz4r%2FjAzH7x1cftkHG9D7gHuE1wUIp6m3vs2z2HWmFPHJUYukMSpqCtx5JA%2FcgAF4V6%2FlqFJlVhSJP7XBssK7MJk4O45YpJWPCoUge8vkRliO1ZW%2FSZyv5GnliZhhZ7yZ777RJEalmLByKpSxCMw6a7LxuwyOzMtv2I2FcOU2akDsFW5F0T7m%2FGhMdOU18Eohv1KxDtAgUD5oKsZzHsIVPTlVc6n9hFL7elVUCKtr5sKq7A%3D%3D%7Ctkp%3ABk9SR47FpOK-Zw,REJECT,Hard reject term: parts
Kenwood KR-4070,Kenwood,receiver,Kenwood KR-4070 Vintage Stereo Receiver Complete Knob Assembly,48.95,2026-05-02T00:00:00.000Z,,https://www.ebay.com/itm/298237258348?_skw=Kenwood+KR-4070&itmmeta=01KQV2949VNNHCCCAAMCKRKW3F&hash=item4570536a6c:g:IJcAAeSwWz1p4sRS&itmprp=enc%3AAQALAAAA8GfYFPkwiKCW4ZNSs2u11xBwsZWC7JX42pyaJMNQXCWGyOFVC7%2BhhMA%2BuC9F%2B840fSxZ%2B5M%2BS8MH4IUhZiri8kwOrepguERZDbPepbmhLJkKT6grsyq6XIde8Iyc4BqzVYI%2F3oeSPFmq8A45kgCWddJ2TsErcCG1IIe55exJeD6LTtI3S7KqvmXI3xGue%2BUlwafJ9pDBFbKszGReWDH82EjuUQZn8JdRcfDsAqZmGOcvUWqjrcOaASIhrwDe1XhwwCLbOAUUAFNfOYuPqI30ivvCCwlb2HaQNn40zF%2BjNV8iBp2uzky1wsWK978KRNN4ng%3D%3D%7Ctkp%3ABk9SR47FpOK-Zw,REJECT,Hard reject term: knob
Kenwood KR-4070,Kenwood,receiver,Kenwood KR-4070 Vintage Stereo Receiver Parting Out - Set of 4 feet,22.95,2026-04-23T00:00:00.000Z,,https://www.ebay.com/itm/298237244253?_skw=Kenwood+KR-4070&itmmeta=01KQV2949VJRCGM7E7T896R3KH&hash=item457053335d:g:ww0AAeSwHPhp4sLt&itmprp=enc%3AAQALAAAA8GfYFPkwiKCW4ZNSs2u11xAQd6ro4jIfo67E3jPFbbh95Rkl5jyIaHLsPjw5YzMgYgESGwgN%2BLchsYikY1gWMxVCgBA6gIUHGmUNeB38g4iNlZ6OS7wLRkRPTnRq9ZuSBM04c5fg%2BAehg0wbvuZrtrpWETdlxyLTbdFi3Sm7%2FY1ZWpN0ayHh3PtuhcefyD64nx1WrodAP6fI6XnJno99isI3IhqqDpk7qOmDaEDtJcB94tz9ZcqhK%2BxxJvycL3bERZHkj%2Fp7h1o1lhAKlMUVl%2B%2FJ5jBbF6m%2FDk9OTcjsMhIo5WNDhxhPuFFKT9fQY7Ikow%3D%3D%7Ctkp%3ABk9SR47FpOK-Zw,REJECT,Hard reject term: feet
Kenwood KR-4070,Kenwood,receiver,Vintage Silver Face Kenwood KR-4070 Stereo Receiver GORGEOUS Sounds Great!,375.0,2026-04-20T00:00:00.000Z,,https://www.ebay.com/itm/267644614278?_skw=Kenwood+KR-4070&itmmeta=01KQV2949VXMM0J2YF7BNN6NWR&hash=item3e50dcb686:g:CxEAAeSwtppp5Qdz&itmprp=enc%3AAQALAAAA0GfYFPkwiKCW4ZNSs2u11xCKN%2BfzCCDOIAgxuHcB3Sfg8wi1bnW8USsJxMrGjaYvxu6LI6FOuCoxyMkTmr31rRCmoa7b7XiWOPYQLl1OrH6qvxmWU%2FQksSyI%2BcTzPHAzMh9XXWeDA62RSLt6vD65lQa6XZabBg2MjVFxJCSQzfUwgQS0QFj1HTce1VeDqcTT1TJXKcxtymgxMk%2Bp91zLDfKcxKPI5wjWHEJJdgw4%2BCj5IvsR2kLo4SfNm83aG5ty6P8bdgvOZrXl%2Fu0LlQ5VVjk%3D%7Ctkp%3ABk9SR47FpOK-Zw,FULL_UNIT,"Exact model, no hard reject terms, above price floor"
Kenwood KR-4600,Kenwood,receiver,Kenwood KR-4600 Receiver - AM/FM Stereo Receiver - VIDEO DEMO! 🎥📺✅,297.28,2026-03-21T00:00:00.000Z,,https://www.ebay.com/itm/127544979797?_skw=Kenwood+KR-4600&itmmeta=01KQV2962F3QHSWQP5NTNXZSTC&hash=item1db245f155:g:tJAAAeSw7Z9pMylD&itmprp=enc%3AAQALAAAA8GfYFPkwiKCW4ZNSs2u11xCNqDo1WTGpWBO3M3a8QksaBehcyBlKkJjyPB%2FEDS4Pmxd4QlAe000DIuUMsfUIBuui%2BHeF7BHM5kFp%2BHdgdWQNEZ3uSLpQjzCOz1C47GPYuvZjSLL7MtcyOx1xVnzt1YXrspHs3%2Bt6nSGVFvOxEZdR6ntlgDphdrJDeMdZ8LHj32uGtDoimcamKpSHuZURxTyyYdYfvegeeLOrlRd%2F7fNj0SuHSeDoNXDs%2BsV66Z3DK%2Fdqlf6zOPex9aMH0ZNWc8ClVWsocNgfrSFBjTnjJsyn78YIbkIULP2zQGbP7DQlSA%3D%3D%7Ctkp%3ABk9SR7ThpOK-Zw,FULL_UNIT,"Exact model, no hard reject terms, above price floor"
Kenwood KR-4600,Kenwood,receiver,Kenwood KR-4600 Receiver AM/FM Stereo Receiver   Tested & Working,986.14,2026-04-06T00:00:00.000Z,,https://www.ebay.com/itm/327076699094?_skw=Kenwood+KR-4600&itmmeta=01KQV2962FY2AR5XXDZ104N2TH&hash=item4c274a5bd6:g:eEsAAeSwWIVpyuVV&itmprp=enc%3AAQALAAAA0GfYFPkwiKCW4ZNSs2u11xDAs4s%2Fau6CzT3HcxSl4UFNVxfOWPxFADMcenGk8atwFYMaTRF2GXyYzTW%2BinOlWub76uALBESS7GXmY8crN1P0Vihm475x8gJTTBbtQIND7jA2nFYodCHqIpDyygtlRTMXkZSsyDnpHStiCcjRlo3BvgJDV1GQrhmiP17fYaHdnF6DZQBejHfKVhnd3%2FsTeJ20UOmDDEtY8q%2FHIO2MJuZGiRHFQ7U4L5dvxZ5Jpid3YhUNVDppRFhwU3%2BHbwkJfZs%3D%7Ctkp%3ABk9SR7ThpOK-Zw,FULL_UNIT,"Exact model, no hard reject terms, above price floor"
Kenwood KR-4600,Kenwood,receiver,Kenwood KR-4600 Receiver AM/FM Stereo Receiver   Tested & Working,991.05,2026-04-04T00:00:00.000Z,,https://www.ebay.com/itm/358366076132?_skw=Kenwood+KR-4600&itmmeta=01KQV2962FS9TZSGF8Z180TVAD&hash=item5370485ce4:g:mJkAAeSwyKBpwWCS&itmprp=enc%3AAQALAAAA8GfYFPkwiKCW4ZNSs2u11xBnjHdm4LaEwGU%2BL4ZClJgbInaW1p6F8SrqsRYp4vziXqzw6ELPup0ZC4cWF%2F0jXOndu%2Fcr3y3N%2BKNpuRHF8BLZzdc4YRzDXdWzqZ13dbWPbaikQu4hDvYL8v51Peec592N8X8RVgbjpyemdSHW0qWQTqHVwNuDcNhEG%2Bw%2F2N8ASOlBIy1Uui6uTCXOOhym%2FPJij3TWZQpizALLljncZHUvFQqeC2iAz35whvlh9sEpj2ON6kdf0MiSUQxdISxBSsgySXdW2NbhzpmmIhrnt%2FVNxEUvQSRxyOYYhiuru%2FUW4A%3D%3D%7Ctkp%3ABk9SR7ThpOK-Zw,FULL_UNIT,"Exact model, no hard reject terms, above price floor"
Kenwood KR-4600,Kenwood,receiver,"Kenwood KR-4600 Receiver, Good Condition, Tested And Works Well 🔥🎵",1040.66,2026-04-17T00:00:00.000Z,,https://www.ebay.com/itm/257406665819?_skw=Kenwood+KR-4600&itmmeta=01KQV2962F7Z177472SJS1C6N9&hash=item3beea2045b:g:S~0AAeSwxEBpZ~hy&itmprp=enc%3AAQALAAAA0GfYFPkwiKCW4ZNSs2u11xAcf8wPWuf7nf5O7Tb1uF6fwuzfxeHtJ7%2B%2Bj5H5zmTzwdnq%2FVhr76hEL8npOD4ar5wSXiM3LNGbCelRkLPsLIEzbej4XrBIT3IECq53YZfODAhultD6dbIPbm0wYqsAlInbq63Yh8Rji%2B06r4uigsBJvIBr9uvkSTFeHIsU%2F0%2BJv1oDWrK3cNy3GyCCDKyHK5cR%2Bn%2BWquYEsZXia0MIZDgvXsw4mOIxl10%2Fhn15awluEX2OAh5GunLqzTILk77OT7w%3D%7Ctkp%3ABk9SR7ThpOK-Zw,FULL_UNIT,"Exact model, no hard reject terms, above price floor"
Kenwood KR-4600,Kenwood,receiver,🔥【PRO SERVICED】Kenwood KR-4600 Stereo 60W Receiver! XSTR/CAP/LED MODS💥GUARANTY,2176.21,2026-04-25T00:00:00.000Z,,https://www.ebay.com/itm/257471470606?_skw=Kenwood+KR-4600&epid=113528896&itmmeta=01KQV2962FV1581PFZQNY1Q6JQ&hash=item3bf27edc0e:g:7PoAAeSwH-dp6mIx&itmprp=enc%3AAQALAAAA8GfYFPkwiKCW4ZNSs2u11xCURX53tieeBx5k%2BZzfkc%2BO8fI5iU93zjKC4rL9tJQKKc%2F1qzMr0SDPj8H3z7TPLze%2B%2BsEhhsprAyVIhjUfEaRJKkHAuoQTilMwKeAGBv7nIhWbQcaj5x%2FTxg77bQwtiifqcFNRhyM2OfRnFuBgod6Epq1026eMmYTnrAm10WI7bgfB%2BESOnhBqJXO%2BktzAQKaHSEwnryo12UhW5fXnGNkC5zvxozJihPH5M08m4ze1QimUmcFn2vNZaSVgqAmIkFwhoaubPvf7fR4taBflnvp8MG8lCOWu0emK7ZwrehY0dg%3D%3D%7Ctkp%3ABk9SR7ThpOK-Zw,REJECT,Hard reject term: led
Kenwood KR-7600,Kenwood,receiver,Kenwood KR-7600 KR-6600 Power Supply A Capacitor Kit High-Quality Receiver Recap,20.0,2026-04-27T00:00:00.000Z,,https://www.ebay.com/itm/113981246296?_skw=Kenwood+KR-7600&itmmeta=01KQV29X9P6SSVN0R3ZS1APAAZ&hash=item1a89cfcb58:g:Ea0AAOSwnY1d1ped&itmprp=enc%3AAQALAAAA0GfYFPkwiKCW4ZNSs2u11xBfBYGpmTNosKdisISLs2YNYUuNSSS%2Fwn2mOaj6%2BtPDQL3tpWME2d4d4ipTSP6OX3Tt1elWGzcOGKHk0rjbjWFFpPc6bThOcXg%2FL1CjajvrdLKKUmVQKBgij9plUpupW5LQ0lxQcgQWsZCNzUbehEiSBrA%2BrKRJVUAoViAMaXPHFNgfOGMlhAmWZzCwyEHJGfk1ky7RlFBVHwF9dfCaSX6dP0Im02Q3Y%2F1ALTJq7GzD9eSF4XDJ2rvDPGftDwuCiiI%3D%7Ctkp%3ABk9SR5DVp-K-Zw,REJECT,Hard reject term: kit
Kenwood KR-7600,Kenwood,receiver,Kenwood KR-7600 Stereo Receiver Parting Out - Sound Inject Knob,17.95,2026-05-02T00:00:00.000Z,,https://www.ebay.com/itm/306502072468?_skw=Kenwood+KR-7600&itmmeta=01KQV29X9PFP4XQAT7S83W1MXH&hash=item475cf27894:g:50MAAeSwDN5oygDI&itmprp=enc%3AAQALAAAA0GfYFPkwiKCW4ZNSs2u11xDu82aITbS%2FrFIjc84hhHtKMc%2FBH4pm19q2lxTPEaxsLivM%2BM8XvnODYo%2B69DREu7Qa6s7WXYoQsSYjXZD6--%2FB0icwhloLXlCqWmueaDc6YKBwWxGNyO%2BSCpj0bCIVd00mVdZKZZhrJ%2F6QZ2vTbcTT9sGCxgz3DxNtwkMZtEHz1w5Cd9NfNTkJm2eZYC1ayjc%2FkyjixiHZwdOJpR7icVFemPozdJOrrPWKpFnkefaAedoKWoDR0u5PLuN5cXU1dUQ%3D%7Ctkp%3ABk9SR5DVp-K-Zw,REJECT,Hard reject term: knob
Kenwood KR-7600,Kenwood,receiver,Kenwood KR-7600 Stereo Receiver Parting Out - Speaker / Tape / Volume etc. Knob,18.95,2026-04-25T00:00:00.000Z,,https://www.ebay.com/itm/297616119661?_skw=Kenwood+KR-7600&itmmeta=01KQV29X9P2FZE44ZDY650BRY2&hash=item454b4d976d:g:6tEAAeSwR~doygGZ&itmprp=enc%3AAQALAAAA8GfYFPkwiKCW4ZNSs2u11xAK4wNZWPOzZ%2F1WnDS7LdY%2FpyTmU57k9YZiZYaF5RSQ1QqUGVVcFpcjMU5VrCCpLtzYECN7GEvs%2B7pxScFiMiMBgSB3eVRyh5fMH68Uzbku6j7uE7tf5%2FSJyg8AWMoqNOCFwuUwNhd9lxXywMD20AdxlPP3iuALUwDhtJtPSiO0iLg%2Fa0nOlxTOoxK7bF13Ds33PYdEOUPdl6xPk1AiPRemKLv1icF3AM7I2D28mkcaBcGhYNy%2FJnLI9rRDJ9pjHBo%2FDEPPyU1I6xgqaE35fzwkzsSWo9cwiaX0UG9hpdlKdQ%3D%3D%7Ctkp%3ABk9SR5DVp-K-Zw,REJECT,Hard reject term: knob
Kenwood KR-7600,Kenwood,receiver,Kenwood KR-7600 Stereo Receiver Parting Out Tuner Board Unit X05-1320-11,49.95,2026-04-24T00:00:00.000Z,,https://www.ebay.com/itm/306665214881?_skw=Kenwood+KR-7600&itmmeta=01KQV29X9P0EWKG5Y5C3GSYKDS&hash=item4766abd3a1:g:6LYAAOSwYk9l7gk3&itmprp=enc%3AAQALAAAA0GfYFPkwiKCW4ZNSs2u11xC2QEZ4EPMEmF8llUEHMut7iKOT%2BdASSigIxyIl%2FlLfh6t7ehuqh3nVEtHGt3Yg0LNSZRvP6Biu2%2BvXlv0znrnEWgfgqY%2BFf79RnyjJ7zXCcKOJHUUwQVCj3heTA45xJrdkMvGvqcmuJlayZArAf5L43abEHO3uZ2o0%2FvWN0rbByswEMoxEhGFjr%2BeHl%2BoYq8Fsa%2FY0K%2FXBA5IJRzpgJbCM%2FRQe7%2B6AxxT73ILo1Ef%2Bhrl0cx6IdwEH8apVCQtcE%2Fg%3D%7Ctkp%3ABk9SR5DVp-K-Zw,REJECT,Hard reject term: board
Kenwood KR-7600,Kenwood,receiver,Vintage KENWOOD KR-7600 AM/FM Stereo Receiver - PARTS REPAIR ONLY,399.99,2026-04-24T00:00:00.000Z,,https://www.ebay.com/itm/178046259734?_skw=Kenwood+KR-7600&itmmeta=01KQV29X9PNWJ9C6PFM7FZ398C&hash=item2974625216:g:CSwAAeSwgIRp3SmI&itmprp=enc%3AAQALAAAA8GfYFPkwiKCW4ZNSs2u11xB2a6c4vt67%2Brz0Hefn%2FIeCSZ%2Fg6blk6Y42H2%2FZU97DHSdfd%2FMZdE9gUXlxZ8s9FKvfMfqntnsJhCuMdBbPh5yJnUnQUOIvrSRDVjA6WBUwxS5%2F0w22vhbb97Chr9oV0K8JdfmFjrYwue9153TYldEW81WN17pwOq6rKjFDDdwOzlb0rGaN6ouHATLP7Cv%2Bn3xlnOuPiDSAQlp0gdhKRpxGdqPNgZ9RzKaZJ4ls1oytM1YUBYgzTk4Cbe3jP8Ssbg3zmmJrykkFGs6%2FTrAb%2FYNnMZg8bhxli58eJS1QE9J4%2FA%3D%3D%7Ctkp%3ABk9SR5DVp-K-Zw,REJECT,Hard reject term: parts
Kenwood receiver (model unknown),Kenwood,receiver,Vintage Kenwood AM-FM Stereo Receiver KR-A50 Amplifier,20.0,2026-03-02T00:00:00.000Z,,https://www.ebay.com/itm/317916576450?_skw=Kenwood+KR-2300&itmmeta=01KQV29AR7CW2N4KCBCR420Q00&hash=item4a054dfac2:g:sVUAAeSwEdRpnNki&itmprp=enc%3AAQALAAAA0GfYFPkwiKCW4ZNSs2u11xD%2B4TpK0AZlUKgzmSoyoMkN4w6kVv8Wk%2F4HfXmz7%2BM489vB55lkINl%2FLONl7a%2BpsYiQY61Xt8rJZPCHDu84QlrTYTXHSKwW%2FhwEe0Xw%2FYzJp1hzHbVXme28ZIENsVVxMde%2FJ2cRdLH708A%2BmwiI47vY%2F48k5J4L7AZBNUoBGc9HkgnshX3TBcgp%2BQS49xa7ghqr8VniB%2F8dF9JxUjWvm5Qe%2FT5ics0bQcJHc0eKZmeZJn6G24%2Bi2jloT1eTMxN3UF0%3D%7Ctkp%3ABk9SR7ispeK-Zw,REJECT,No exact model detected
Nintendo GameCube,Nintendo,game console,(11) Nintendo GameCube GC Systems Consoles LOT PARTS REPAIR BROKEN AS-IS,484.99,2026-05-03T00:00:00.000Z,,https://www.ebay.com/itm/377144226852?_skw=Nintendo+GameCube+console&itmmeta=01KQV4NFZ3M2GJGKP40HK50E2P&hash=item57cf8c3424:g:8WcAAeSw-jZp7pi0&itmprp=enc%3AAQALAAAA4GfYFPkwiKCW4ZNSs2u11xA04xr4PMKbWPbzkkWDVI1Vx0R5tydxf6HjL0oySjk04MdAzgI0HQa9I3KSTLzGxDGm60JgIKJhJuGD0V66Sv5hf%2Fh4bcCAoaA2mzGRPW%2FESaEM3uPKduAY90kZmswoDEXYpweocFVio6MdR77U5IWF1TVOYZn3HR0T6VQKnkJ9ojTPwDz7r%2Bt8891PkGFu4kbqSkBJ%2BS9Mmt4oWABqrKy94QUlAVFqc8wZvEyzEQSHp9A%2FnqWhVNLzWNOOTW4ZnfQZZ350r5Y7zXd5rtNChaep%7Ctkp%3ABk9SR_L_1eS-Zw,REJECT,Hard reject term: parts
Nintendo GameCube,Nintendo,game console,Indigo Nintendo GameCube Console Only Tested Working,90.0,2026-05-04T00:00:00.000Z,,https://www.ebay.com/itm/377031710265?_skw=Nintendo+GameCube+console&epid=23034513881&itmmeta=01KQV4NFZ3MGV0YY5R506EXQ9S&hash=item57c8d75639:g:Cv4AAeSwHxpptBlo&itmprp=enc%3AAQALAAABAGfYFPkwiKCW4ZNSs2u11xDS6WDTx78RsVIRFgOe8%2F3HocrQVO%2BqQCkihgeAStDronVqMj9YyiyXQ8ARudGc7fYmG2xOt1EO1u3aaBhC6Od5%2F3YImbucvnNluPifcWp3vGu7R0bL0rhDEzHy%2Fh1ICQsMRduvfVx8ic--P2HHJ4tohggS0E%2Bh%2Fz7z85ZX1qamsGkrbItnfQuYleA6AyRmOg%2B2gwYDqr2hMQVnoGgNKYIt7so0eiaFbQOKvgNxu4EOoxa6qAlSOVXnwgOwNliK3wg7n2mqbiCp3C2i9PcsACq2f0LCjr2L5vvJAzG0krnK2zNHvmyK6eTUIW28VZAPFNM%3D%7Ctkp%3ABk9SR_L_1eS-Zw,FULL_UNIT,"Exact model, no hard reject terms, above price floor"
Nintendo GameCube,Nintendo,game console,"Nintendo GameCube Black Console W/ One Controller, Worn TESTED WORKING",60.0,2026-05-04T00:00:00.000Z,,https://www.ebay.com/itm/406904199565?_skw=Nintendo+GameCube+console&itmmeta=01KQV4NFZ3DANMSAXGEKMB6W0Q&hash=item5ebd61598d:g:oDgAAeSwYOtp-PDG&itmprp=enc%3AAQALAAAA4GfYFPkwiKCW4ZNSs2u11xDGyez5FvZG6Xv0B9kPV9oBwiUGORyJyRowl5KcLDRACSM%2FnGAQlNbOeSf%2F%2B3oNUZ4HFbRAT0J2WNXW%2BW6Fxir%2FiQRepPVef7b2Nrx6Gm0FifXaLKmtXjI9UV%2FlXVtLR4ccTVhF3KQRlkyrCIpClhrJ0SHXG69BS%2FsTFBsUueavTds4mFdqhuwFDo%2Fb5LmilVUFyC37yHqeaeFuJfEeaNvSROj3Q5rQs2uKBx%2BumOd3DtFkrc2r%2BT7GzwA96UC6qBT1MALrc4K%2BbHVRto0vjiFq%7Ctkp%3ABk9SR_L_1eS-Zw,FULL_UNIT,"Exact model, no hard reject terms, above price floor"
Nintendo GameCube,Nintendo,game console,Nintendo GameCube Bundle DOL-101 Black OEM Controller Cords Memory Card TESTED,114.99,2026-05-04T00:00:00.000Z,,https://www.ebay.com/itm/277956509776?_skw=Nintendo+GameCube+console&itmmeta=01KQV4NFZ3KVBTX5887TPV53TC&hash=item40b77fc050:g:r30AAeSwWvdp-L3e&itmprp=enc%3AAQALAAABAGfYFPkwiKCW4ZNSs2u11xCeqSZwuiQ%2FbVGK%2FPPWer0T50CGzi00d29tXxiShETMDyvAYrNxlQ1kSyCbkUjI%2B9DP6DLzxNMB7ukJmoulwmS%2BpYAXjE5qDvTNeXKhU1rKzQ3U0G0kNxOLM0ukRPuxaQn3wFir2%2FTDq5JqHx99w%2Bf06l%2BbnF4lAPjibU3dnHhnceqZmLzG4%2F9iKsVPt3DT9cKZmNShhygodQUHVbBsMdLAIg176ReuNDVfh4qlB18nT96cqjtCnzAkfLVSXEnlzfyt3%2FqaaEamO3Ve4bS%2BHY21bCy16vWCNpgzo7xKeZ33sP1omqTtZTjrPKTwGY%2BKeIs%3D%7Ctkp%3ABk9SR_L_1eS-Zw,FULL_UNIT,"Exact model, no hard reject terms, above price floor"
Nintendo Wii,Nintendo,game console,Nintendo Wii Console White + 2 Controllers + 2 Nunkuks + Cords + Star Wars Game,49.95,2026-05-04T00:00:00.000Z,,https://www.ebay.com/itm/178105958516?_skw=Nintendo+Wii+console&epid=13052964778&itmmeta=01KQV4N6H6RHT9KTSWBDZFEMTF&hash=item2977f14074:g:63EAAeSw0rNp-UiO&itmprp=enc%3AAQALAAAA0GfYFPkwiKCW4ZNSs2u11xCNK9FI75duAuKXiZIMxoTgDpMZOt%2BnIyIOi%2BaTQ54o31iRtYahkb2HJXu04FUjcz2SZ59%2BgMVpN%2FOPQixTimNIZ2V5qZL0oIetw3aX%2BQdPk4RW3wGhcZ8rgPQcWdij3RgGdycezbF3jBJj31QWf2RzPf--eevhOh8D74kr7jgSPzNj%2FRvKOB%2BdwFibo676XejWymdLtDew6wlTNCm4yUtkWszkqwIWGfSFcoWgUzvqGqK0%2F0hiesqZhhelFDuzsXE%3D%7Ctkp%3ABk9SR_jo1OS-Zw,FULL_UNIT,"Exact model, no hard reject terms, above price floor"
Nintendo Wii,Nintendo,game console,Nintendo Wii Red Mini - Bundle,158.22,2026-05-04T00:00:00.000Z,,https://www.ebay.com/itm/198057937533?_skw=Nintendo+Wii+console&itmmeta=01KQV4N6H5AZTDTN9NS3TWHEQK&hash=item2e1d2c4a7d:g:-UAAAeSwvD5peEK0&itmprp=enc%3AAQALAAAA8GfYFPkwiKCW4ZNSs2u11xDpM1PL47%2BNs7o90iAsk05mU8n2AaIQiGLuQajPQQOKLVT7foQ%2Bfvk2dpiwcigGOTaI664HPpVC4kZWwVjpRwM%2BBx26c77XjfH4dRx9eyLXWKwGXdY%2FF0qfU8oGsfq%2FzUXXJibOY000FXkpS0jZ6OqiynMJwWfXZROmgPq0mjcCR92XHSMrFPWinvG6jFuxqlcwraA2kAfsKIu8wBEUQfdfokxaYQNgKZ1tdUTdl92tGVB2iHAmcOmRUHsS33DXs5scsc81uW4QPmaDbkPZGbrVQgflHohCVoo79jFnOe8r1Q%3D%3D%7Ctkp%3ABk9SR_jo1OS-Zw,FULL_UNIT,"Exact model, no hard reject terms, above price floor"
Nintendo Wii,Nintendo,game console,Nintendo Wii RVL-001 Home Console Black/Parts Only/Not Working,13.99,2026-05-04T00:00:00.000Z,,https://www.ebay.com/itm/376893685178?_skw=Nintendo+Wii+console&epid=1800347612&itmmeta=01KQV4N6H6S96X2GYMNN718CDN&hash=item57c09d3dba:g:TXgAAeSwKsNpdGKd&itmprp=enc%3AAQALAAAA8GfYFPkwiKCW4ZNSs2u11xA8IK583u4aoWzn2xp7HkRb5czSFbGPIECNBP3XYZ3Qy0v8v4ZWG82WyJjEV4il7qDVfjT5R%2Fzf%2F4%2BT8g%2BJlWQooonzvmFfOWxYQ9D4IiIgPdnF0w1XR2XVrY3jO3ToP9720Z5lY2pKalEMYPQkKOmXn7duDdhbfy5ZNQFAduUaGm22pHhLdtdGgaEobRkAiGPTBZ6IshJ%2FKszsy52QPoxgH27o3eZxi62hNI42fjTQhDih2dgqOiIW%2BLMXStK5pXFv%2FvKpVslN0DywvjTzysN3Q8Rh8rtzc6dXX20EJ5ydVA%3D%3D%7Ctkp%3ABk9SR_jo1OS-Zw,REJECT,Hard reject term: parts
Nintendo Wii,Nintendo,game console,Nintendo Wii RVL-101 Blue & Black USB Home Console 2006 Model Video Game System,40.48,2026-05-04T00:00:00.000Z,,https://www.ebay.com/itm/397912897452?_skw=Nintendo+Wii+console&itmmeta=01KQV4N6H5WXD9A9SQ19VEFG6P&hash=item5ca574f7ac:g:8PkAAeSw0F5p-VIG&itmprp=enc%3AAQALAAAA0GfYFPkwiKCW4ZNSs2u11xDFnQptcWR8OoImmPOybP2XPgS8SOdtCRTmj%2F21%2FK1ArSVCR62RS45VVwFR2vRTzbPJVmjkxd3CAZRfM75I%2B36EIDPbpoK99uDc%2BnkTLvOP6AmxcruRlegx0cF981xe8mBVX228f3YdqybLcTIVoiXvySipDae0qRCiD%2FAFNABLaZeDIMwQHldo3Ln4vFIZhabt6IfQcuEe8aUd4j%2FwhtZ%2FcZHW1VkoUu1oxLGdVKgKKL3qd86Vfwb7IbAwLvGCK7Y%3D%7Ctkp%3ABk9SR_jo1OS-Zw,FULL_UNIT,"Exact model, no hard reject terms, above price floor"
Nintendo Wii,Nintendo,game console,Nintendo Wii White Console only GameCube Comp- With Power/Sensor AV- Tested,42.75,2026-05-04T00:00:00.000Z,,https://www.ebay.com/itm/406781021928?_skw=Nintendo+GameCube+console&epid=1500928989&itmmeta=01KQV4NFZ3RQZRTZRC1E9BJ5TB&hash=item5eb609cee8:g:zv8AAeSwPqFpuwxz&itmprp=enc%3AAQALAAAA4GfYFPkwiKCW4ZNSs2u11xCozAuczl0rPA6WQyc4qtHf1MdnOJqIX9YApxCjDNmKxQ%2FKCUbcawM%2BrODZM32hiztkBlXCvKVlvmRUzMiWlMrVu%2Fr4s32Mz5mRpkwYhXpKcGuSZCMnP4oMpL80rUljnTt7KkG0nSZ2KPyfjSeXocwrGIX6E%2B9Ga4SjBOIN9oPVgiIScHJx7kqBNMVjVKBNo1Mh03ZoMqxn%2FgLpKtbJuLU63ZpwHo8qEBEBHPAotqUmVxippkebccz1OClo%2FyxxN%2FEfD89mw1H%2FSDsxgMuPQnIs%7Ctkp%3ABk9SR_L_1eS-Zw,FULL_UNIT,"Exact model, no hard reject terms, above price floor"
Nintendo Wii,Nintendo,game console,Nintendo Wii with Wii Sports Console Lot Bundle Games Mario DK! TESTED WORKING,109.95,2026-05-04T00:00:00.000Z,,https://www.ebay.com/itm/168353540580?_skw=Nintendo+Wii+console&itmmeta=01KQV4N6H6PMJYSK77ATBAZ2FG&hash=item2732a729e4:g:ZCoAAeSwklxpn10d&itmprp=enc%3AAQALAAAA0GfYFPkwiKCW4ZNSs2u11xDNXx9lq88Lol2%2FKRAvqqi0HPv2xT%2BH%2Fb6FaA6eQA%2FAUakasxy5yrkuc4FVHQTVAnnVk0vjo7hiRpSaIvdqFakoOUqx23om2%2FVNOKa4sFi3Uk1OwffYUjy2%2BqZz5PMAkWkdvQdtdR5UCuVaBYpdvkh25rvnwMqT7XjZcw8Tu3qZREg%2FW%2F%2BsgPaSgFjSmBq8tZlzTxhRTqZe7BOHVP3IfQlitKwivm%2BjG8I4832eL%2FUlI9OTeIJg65j9I34XVV%2FSvB0%3D%7Ctkp%3ABk9SR_jo1OS-Zw,FULL_UNIT,"Exact model, no hard reject terms, above price floor"
Pioneer PL-600,Pioneer,turntable,Motor from Pioneer PL-600 turntable PXB-022-B,24.99,2026-04-23T00:00:00.000Z,,https://www.ebay.com/itm/336495497387?_skw=Pioneer+PL-600&itmmeta=01KQV2M3QV4FSZZZ56TBST55MR&hash=item4e58b1d0ab:g:BJ4AAeSwK6VpwKHN&itmprp=enc%3AAQALAAAA0GfYFPkwiKCW4ZNSs2u11xA%2BXxlj6%2B%2B65I%2FdIo1fGGgYNUJ9fbGCdm%2FH%2BeCoICamCwjocakqzCQkMAOejGaJaibe74JMSeHjeTZFzd0Wv3e2f%2F5lFhhTvckfetgnm0DQl97Y0e0UUtxPg1JlKcXmP4a0WKq4moK%2BzwTxMx%2Bncd6XO7d7FEmkbWCm6F12sw3amlBt3lRtT7LvMPYfhkcn%2Fwgeeqc5Pr%2FXrOX%2F5V6qPCzqq8rEvb4SHrZWAnCXrG%2FYQkumkO6420sAUPv9a1BVclQ%3D%7Ctkp%3ABk9SR4680OK-Zw,REJECT,Below full-unit price floor for Pioneer PL-600: $25 < $75
Pioneer PL-600,Pioneer,turntable,Pioneer PL-600 Belt Drive Turntable Record Player (Tested/Working),134.1,2026-04-25T00:00:00.000Z,,https://www.ebay.com/itm/389856326612?_skw=Pioneer+PL-600&itmmeta=01KQV2M3QTQMSBGF3K3K5V8M6K&hash=item5ac53f73d4:g:ezAAAeSwtrFp1GMa&itmprp=enc%3AAQALAAAA8GfYFPkwiKCW4ZNSs2u11xB5ZIQl4FC5MLLYHX65RXD4XFAMtH0BEdI0Ht3f2U%2F3QnLMgY%2F4Da0c4U5JtIl37PQ5AM9jhYcZQihSDHbsL02qDsh%2B1ktw95cXnKnlV4%2B4tF1yBG62FrPWZ0fIqqJ3WzXzP5EiVEsy2SSO7J7o7OWns6BUiuMAFRkjUje%2FOn680cVVkKycYRjevGH%2BjT8iUGnG2uwgcVKIIqJC1u3D3%2B1vE3Q4pd5T3aHGTp4u5ZX1dSnkMDLUcdK1mtH5GjdDkXVeK6JS3hOYd65ZMw4u7Ggui2j6yjwOo0TaGdnZzvlWCg%3D%3D%7Ctkp%3ABk9SR4680OK-Zw,FULL_UNIT,"Exact model, no hard reject terms, above price floor"
Pioneer PL-600,Pioneer,turntable,"Pioneer PL-600, PL-610 & PL-630 Tonearm Rest Rebuild Kit",29.95,2026-04-24T00:00:00.000Z,,https://www.ebay.com/itm/236075904130?_skw=Pioneer+PL-600&itmmeta=01KQV2M3QTPQ7PAHDB24G5JVGA&hash=item36f7386c82:g:zAoAAOSwl8VmWy9d&itmprp=enc%3AAQALAAAA8GfYFPkwiKCW4ZNSs2u11xAmPDmDtMM1bG6LkzLndm5aoUVTpGImMdbxE9JB%2FelHx0XGutAH3ohlt2XLxkIpqL5iT%2F5rOA5t5oFhlvdsjmfovQOBqV9cKbJYMfY5Ey5V75fz0srWQPVu5sN2UZ2N03Ai52GjpmvDR7LuBZGAlAikUStclyE9wUyzVdmJPJ9yGj1JIsToCqirgZf%2FfABzvHPxk6Nm5i98ns9qHCYwdngdjWIq%2Bnd8vc43AcsTwz5sy3wrJJw7grqAPrNAteY1CG7AXOzL%2F0gvq%2BvdfOSn7kvVv9g7xaQi%2FXJZMcsMNwoveg%3D%3D%7Ctkp%3ABk9SR4680OK-Zw,REJECT,Hard reject term: kit
Pioneer PL-600,Pioneer,turntable,"PIONEER Turntable Isolation Damper  PL600, PL630, PL-L1000 Others PEB-102",15.99,2026-04-29T00:00:00.000Z,,https://www.ebay.com/itm/117069010375?_skw=Pioneer+PL-600&epid=1322604787&itmmeta=01KQV2M3QT1BNEW8NJ8BHBKTZ5&hash=item1b41db55c7:g:7-4AAeSw4JZpp7g4&itmprp=enc%3AAQALAAAA0GfYFPkwiKCW4ZNSs2u11xDgZ0F0yKpsSBUe%2BS9VeFKV%2FBxLfzBb0%2BMDb8R8IO3iukNkhot1%2BBmu0vJTrtOlDZ79sDG%2BEy07l2JUtWSuw6L2MShbMQjUlJmvaiytgfKXHSv7GYOIcrFjyhDCqj8PjKF8hDv4HCIuNrdG6oqpQuyQWxpdSnopkTPUC7VQWUAslskNzCmUNypTYoPBOWapY%2BKekqaxqFO3Vft3u488QRCisW8P9YcBRkyiBoVYw9hfTpbm8CRtgkF9tLo%2B%2FrYYjKM%3D%7Ctkp%3ABk9SR4680OK-Zw,REJECT,Below full-unit price floor for Pioneer PL-600: $16 < $75
Pioneer PL-600,Pioneer,turntable,Vintage Pioneer PL-600 Stereo Turntable For Parts or Repair,25.0,2026-04-29T00:00:00.000Z,,https://www.ebay.com/itm/137257526953?_skw=Pioneer+PL-600&itmmeta=01KQV2M3QT5C7YG8R3NXM8N0CE&hash=item1ff52fa6a9:g:2p4AAeSw3uFp7X9U&itmprp=enc%3AAQALAAAA8GfYFPkwiKCW4ZNSs2u11xB2KftOL7SR33KEQFb%2BoFhte9ayAli08o7CmbBRGeMgv0wUL%2BlEClhRpCmIPqGSEvfUKKmBGWZXnJ%2BS79IqpuzpnXhaGYuttalee3DPH7biDz2YuIVZymbXvn5ZWZLQlnyZbR%2FhMBXf%2FQlZrAYu3%2B5lDtIPyXEx1nIzFS62Hdii9ux0eqe4T4Cpj4jx9X49XI6O2GKtyecAul0nGtij%2Bxziecsx0lZjodtZtEKp88bmtcKnVlwW4pSBQEeBgOw1ppQnl94%2Fb4Ic5ghdwvH4YtjFMLKBPTl3%2BtgDdU%2FK8jaw2Q%3D%3D%7Ctkp%3ABk9SR4y80OK-Zw,REJECT,Hard reject term: parts
Pioneer PL-600,Pioneer,turntable,Vintage Pioneer PL-600 Stereo Turntable For Parts or Repair - READ,44.99,2026-04-29T00:00:00.000Z,,https://www.ebay.com/itm/327075062339?_skw=Pioneer+PL-600&itmmeta=01KQV2M3QTD6D1032GTYT2EVXN&hash=item4c27316243:g:NM8AAeSwlBhpyYU3&itmprp=enc%3AAQALAAAA8GfYFPkwiKCW4ZNSs2u11xAhvsH%2Bs5v0Ee7pQihrmub72A%2BPLrCgc4CW1AQvjFJ%2Fm9tnPaTsiBeIG8qIJUphhPAJ4rXRaE28xpBLjTEwpDBtqjmls%2FJwF3JlFHVugIEkMw6gMXG6MJ%2FL5HO0Rb1EbeIGvDu%2B4D23IcmnsUs1RlOUuZfiwIJjePIXkVYSIEudDD6X2ibvcxfJHQExk4TzIsDMPOCB%2FR7SKvZm%2F4Jr40V%2FSihsaDBPPERd9C7yi5XtyRcq%2FRx%2BZJLFg6AlNlTYKObP1DdgEM1emr6H0mw72OMBeaSXYnIwBLX7ePtwriCqXQ%3D%3D%7Ctkp%3ABk9SR4y80OK-Zw,REJECT,Hard reject term: parts
Realistic STA-19,Realistic,receiver,REALISTIC STA-19 AM/FM STEREO PERSONAL RECEIVER WITH MINIMUS-7W CABINET SPEAKERS,124.99,2026-04-28T00:00:00.000Z,,https://www.ebay.com/itm/127822835532?_skw=Realistic+STA-82&itmmeta=01KQV4P82WJTWE9M8E7V75YG1C&hash=item1dc2d5af4c:g:WmgAAeSwKE5p5qH-&itmprp=enc%3AAQALAAAA0GfYFPkwiKCW4ZNSs2u11xCAtUpJS0MNWZ5wiUPK%2BFpMvYu2XlIYEMiQY0rwhzDuOTTJVFOAapw4nPxOk0h6FiJOH%2F0UIgexTEP9A%2B0IQU%2BXhCpbfOgjbQjv%2F99H5B6uj%2Bz0r%2F8XrEIkPLU1HxOjHFHQ%2Fq5OE%2Faf35ziH8%2F0UPhAl3WlagaHpPVUW85vWN5agvt%2BHdc90PJ0cc1OYJ9Iyp88eTnT%2F1HKOGdmAV3J4UK%2FY77iQGJy%2BRsc2PlnhETFVNEh11j6sRvH7cW3vHyV0qw%3D%7Ctkp%3ABk9SR9iB2eS-Zw,FULL_UNIT,"Exact model, no hard reject terms, above price floor"
Realistic STA-2280,Realistic,receiver,RARE Vintage RADIO SHACK Realistic STA-2280 AM/FM Stereo Receiver SYNTHESIZED,5.95,2026-02-21T00:00:00.000Z,,https://www.ebay.com/itm/267570163937?_skw=Realistic+STA-82&epid=1490745781&itmmeta=01KQV2KYQY3MFVPY0FCXGZZV9H&hash=item3e4c6cb0e1:g:MsMAAeSwyv9o6D4h&itmprp=enc%3AAQALAAAA0GfYFPkwiKCW4ZNSs2u11xBZlobGKNQZv2beq0q%2FWEwAiTMceNvmc5UMoQyxhWgY%2FyGA2nQhtFL%2BbHI0X5u7mGOSQmqCaHuzTp2Q5l0vbm6zow5O2C6tYJVLmGkO97g9EnnNvLE%2BYBQsVcoIlaUFX4ywXMq5r2wE50U2YpHvIhAv0QM5iUnOOjG71Y%2B21%2BLyfG5Y35s4YYeaIWuTX8sZdddjxV15Dyw5Jok%2BTwRlfvbWlcXeP2jH9hFonEqSSF6z%2Fq1sxxdeIpipru11lYZ4LG8%3D%7Ctkp%3ABk9SR6bsz-K-Zw,FULL_UNIT,"Exact model, no hard reject terms, above price floor"
Realistic STA-52,Realistic,receiver,Realistic STA-52 Vintage AM/FM Stereo Receiver Silver Face Wood Case Hi-Fi Audio,100.0,2026-05-03T00:00:00.000Z,,https://www.ebay.com/itm/168338203745?_skw=Realistic+STA-82&itmmeta=01KQV4P82WKP9V9VX1YX8W38JZ&hash=item2731bd2461:g:yHcAAeSwDe5p8MqR&itmprp=enc%3AAQALAAAA8GfYFPkwiKCW4ZNSs2u11xC2N1qVg3YY4Uoz7qlsv%2B3OAR%2FPRGPsuXysHTobR%2BdkO7FEi1iDYlmUT6qtcZLav%2Fl00vzrpgZAQV8M08vgNPuqPXmqZH4lnFVKjaY%2FQCOe4sRNqtYXJFZbF88gRk6%2BC2pg30xY1fSTrmIZM9C2WE04nI%2FygSWT9DNrYwb8ob74gLxeeLnOOhRbBfEAsAbqr65oBF1j697kzXyQpWyCAAPrNaW2IIOQpYMy7GL5L4xhBcbLl0t7spMGmWWTt77EmjPoDhGwunDBuwSx8P0OyDF0JMrMZBezxa2UihU6HbGX3Q%3D%3D%7Ctkp%3ABk9SR9iB2eS-Zw,FULL_UNIT,"Exact model, no hard reject terms, above price floor"
Realistic STA-78,Realistic,receiver,VINTAGE REALISTIC STA-78 AM FM STEREO RECEIVER IN WOOD CASE Working~Tested,169.95,2026-04-30T00:00:00.000Z,,https://www.ebay.com/itm/389942010112?_skw=Realistic+STA-82&itmmeta=01KQV4P82WXV8FHN27AJH00SYX&hash=item5aca5ae100:g:6NgAAeSwBxJp7lwr&itmprp=enc%3AAQALAAAA0GfYFPkwiKCW4ZNSs2u11xCkfGFTNi%2B96Qf6YyDKJfGfwlqOLjl8CsEyQkcp1a4IaS4AxdCun%2FSY9g6lEbq1889rT6XDx25O1VU1XmorjMo9yIAuwJoNgYGLzOw5y6vvhfnIFtgHBpdHhtpykZ2IKX0hiIElg6KylLm5z%2BtZRPZvcrfFSZoF4R7RchrWJECo0hXZegwKD1Ec44A1n%2BHaGuzXXidcoBMFGMpsgtbgC8Sja8qVqM0InSl0jx8yFhrYeeTh2y97ods%2FhcUc8g%2BAuZI%3D%7Ctkp%3ABk9SR9iB2eS-Zw,FULL_UNIT,"Exact model, no hard reject terms, above price floor"
Realistic STA-82,Realistic,receiver,Realistic STA-82 Replacement Bulb Kit for Tuning Meter Lights - 2 8v Axial Lamps,4.0,2026-05-01T00:00:00.000Z,,https://www.ebay.com/itm/124715481649?_skw=Realistic+STA-82&itmmeta=01KQV2KYQY4HC1AGH6ZDHVK95R&hash=item1d099f3a31:g:GosAAOSwGpBd-O5t&itmprp=enc%3AAQALAAAA0GfYFPkwiKCW4ZNSs2u11xB8LwLV8jfYIJrxaERrk4y87ET6gRsoEwsGx1qfI8BrJ%2F74IsHWElBjpcFqAsgyAyr1wgR6FIgzk1T8RmbdlhHxIbahHul4uvH8Fv%2BheeUFTNBOP1OAJqMLH7FRgjgSO5cPk5i0kuinV94y6MiFJdc2kfVLHCbMg3TbH8ljnNbkfc%2FAQg%2FzRl2qDeElJYMWgbSvorSYtM7FYKDiuzF8Kzv3%2BGe%2F22Qy5BAOd0iNXU84DN6N7oKSifYc4JscFUaI6%2FA%3D%7Ctkp%3ABk9SR6bsz-K-Zw,REJECT,Hard reject term: lamps
Realistic STA-82,Realistic,receiver,Realistic STA-82 Replacement Bulb Kit for Tuning Meter Lights - 2 8v Axial Lamps,4.0,2026-05-01T00:00:00.000Z,,https://www.ebay.com/itm/124715481649?_skw=Realistic+STA-82&itmmeta=01KQV4P82VQQ6VHP4WFHK5A4DP&hash=item1d099f3a31:g:GosAAOSwGpBd-O5t&itmprp=enc%3AAQALAAAA8GfYFPkwiKCW4ZNSs2u11xBxPLoR1tnlN3qZO8ETZ2seMeNgD3OUcLH%2Bq1%2BRXd6xHNNf09Sbtw%2F%2BtxsHvFDhTVdboqCJxhndzGvuco%2FK7i6rhRIOI%2F71bpSAW3yRSyPVdhnx0d96DQO1%2BxkXx7fepnUMMM2S2AK7oEN9kQOkVyOPWltEsOHkcqXtDPKRA9zwzZxNGRD1PURRYiS5YVhR6teCDZW5hLdEEh8XCfSjj4dH7CC%2FQd6sGN7JgvXu8%2BgVGclTWAB%2Bxx0Pz9gDInPCtMDu4qzPlCOKR8j8HKKL49ZOiuGpIuarAdK0vOtKzYgixg%3D%3D%7Ctkp%3ABk9SR9iB2eS-Zw,REJECT,Hard reject term: lamps
Realistic STA-82,Realistic,receiver,Realistic STA-82 Solid State AM/FM Stereo Receiver - Model 31-2056 Tested Works!,50.0,2026-03-21T00:00:00.000Z,,https://www.ebay.com/itm/297949809490?_skw=Realistic+STA-82&itmmeta=01KQV2KYQYM79B1FBA0W09Q6P0&hash=item455f314b52:g:mtwAAeSwVphon8Mh&itmprp=enc%3AAQALAAAA0GfYFPkwiKCW4ZNSs2u11xCV6zoYD7okFXM7G3AKPVUwoMoDjZvbcclh1fPLhVuUo8BreffEjqbH9ToDhI4lImeUDs1FAGg2KTf0HoKHoHmW8NrXVsnnnt9qrDMwf20c6ulA9JAtwWliayOWL6qbc36MlgIs6EfBVlOydRk7LaHnqJDh20A%2BfJLaVHHv9VshE39TpdlYY39tl3tkzWhLIgVqMDp5bMrS7QJiiRs7wmpPa0i8So2bi0%2FAWgp0%2BGTJ%2BL1qVWPzFvg4on7H%2Fx6x4pA%3D%7Ctkp%3ABk9SR6bsz-K-Zw,FULL_UNIT,"Exact model, no hard reject terms, above price floor"
Realistic STA-82,Realistic,receiver,REALISTIC STA-82 STA-84 STA-90 STA-225 replacement LED lamps bulbs lights kit,26.5,2026-04-18T00:00:00.000Z,,https://www.ebay.com/itm/166513771267?_skw=Realistic+STA-82&itmmeta=01KQV2KYQYZA3T8VE6D5C3PWA2&hash=item26c4fe8303:g:wn4AAeSwWZRphjoE&itmprp=enc%3AAQALAAAA0GfYFPkwiKCW4ZNSs2u11xCPIi6JZvuYZm69BxxQme3ca88p9wtzF4XfJq4SCUbg8RZ%2FttgEk%2FmskvHihKv1dPaG2KsSuT43FeecF2BkqrOhVVD8XbISRWTTzk5BWdq5EDsMLLC1T1fpyTppil%2BTEKN8xfNHTUIe9YFG6No%2BubMP9eLaqylMvVQOEx9lc%2B6eXwePyKiUzUppTelBT49CV%2Bf643s9T2jEtrplEegg7A9H4gPciXwMfxXAIBq3iDFieA7O0qNg7OvXRN88gKmFOq4%3D%7Ctkp%3ABk9SR6bsz-K-Zw,REJECT,Hard reject term: led
Realistic STA-82,Realistic,receiver,REALISTIC STA-82 STA-84 STA-90 STA-225 replacement LED lamps bulbs lights kit,26.5,2026-04-18T00:00:00.000Z,,https://www.ebay.com/itm/166513771267?_skw=Realistic+STA-82&itmmeta=01KQV4P82VDQ3NR6XTEP9HEB14&hash=item26c4fe8303:g:wn4AAeSwWZRphjoE&itmprp=enc%3AAQALAAAA0GfYFPkwiKCW4ZNSs2u11xCPIi6JZvuYZm69BxxQme3ca88p9wtzF4XfJq4SCUbg8XhjkOeTsC7%2FPE3SlMqX3ci3eJyY%2BFaWVvEwGQDQjH5BFHu6e8BZiaiXu4qwPOZ6PNcsnhXTjkYOIzCyVNF5eZvAg3UzkOGkoBMFNRgO8CJ8VXiXPZL%2Fzu4Xke44zLAcJ2qe0PcQB0hSL3qKSW8TV4v9NdE2SWJpfHHNkN6FN%2FdrFD9kajDmOYzvC8eWhuPUWmgG%2B9eMuiNs0d1mQ4U4I4g%3D%7Ctkp%3ABk9SR9iB2eS-Zw,REJECT,Hard reject term: led
Realistic STA-82,Realistic,receiver,Vintage 1970s ('75) Realistic (Radioshack) STA-82 AM/FM Stereo Receiver -parts,70.0,2026-02-25T00:00:00.000Z,,https://www.ebay.com/itm/317238714374?_skw=Realistic+STA-82&itmmeta=01KQV2KYQYVMY8NVZYG603KZZY&hash=item49dce6a006:g:Ga0AAeSwysRouJNj&itmprp=enc%3AAQALAAAA0GfYFPkwiKCW4ZNSs2u11xBPpFnr7QM2CuyNvRrFfXYIM0D9q%2FE2NQCA51s57GT1qTaMhTPVAm%2FJJjMdVcy51OrGS0Hca26QPfWNaWst%2BpwRSex2oZUHLfjFqHIzjEzGZAxlHRf%2FC4NFwGLv1HDQB9JBoL3Dpkuxx3KANQhCqQjh02%2FgHC%2FAI5IGE%2F3Kwj2Aa%2FvvRIEvgMtfyRXx4k0waHA5kaCQPR8m%2BZdyA9qlPQq4DuxkqnBnRVkw6k%2FZGzGdPf4rspJaDkNttw6G0%2B%2FiU2E%3D%7Ctkp%3ABk9SR6bsz-K-Zw,REJECT,Hard reject term: parts
Realistic STA-82,Realistic,receiver,Vintage Realistic STA-82 Stereo Receiver,107.99,2026-02-09T00:00:00.000Z,,https://www.ebay.com/itm/187960518029?_skw=Realistic+STA-82&itmmeta=01KQV2KYQYH3X1VXNFG9SJK2GJ&hash=item2bc351e58d:g:5fQAAeSw3xRpaRBb&itmprp=enc%3AAQALAAAA0GfYFPkwiKCW4ZNSs2u11xASmlhx1OkasHOxmOct1R2SNmMa0LJ6Zbnx16JZgQqkEYdMw4%2BilQ01oikJnBGhTI%2Bo01uVcAbnynJXMg87801%2FGndpXTVOdC%2FscE1E3dnimkx%2B6SPzwotOOAMpDSBFMIWivN6LhYDTxmRuPD3EuAKmfLa%2FtLMCDfg8N%2FvulfUqZwabUqiqi%2BC6LN5xYU%2BCfz1lxUrvIEEnlnIv8iOqoLYWVKBp5zvXtwbrWnZ7MFBnxP%2FSLlJ0sk839MARC1AkXkE%3D%7Ctkp%3ABk9SR6bsz-K-Zw,FULL_UNIT,"Exact model, no hard reject terms, above price floor"
Yamaha CR-400,Yamaha,receiver,Light Bulb Replacement Kit for Yamaha CR-400 CR-450 CR-600 CR-620 CR-800 Lamps,10.0,2026-05-01T00:00:00.000Z,,https://www.ebay.com/itm/114619940015?_skw=Yamaha+CR-620&itmmeta=01KQV2B8N8X6B02CE016HT7479&hash=item1aafe17caf:g:~-0AAOSw41Jm8y05&itmprp=enc%3AAQALAAAA8GfYFPkwiKCW4ZNSs2u11xAlADXOTIY%2B9UW6DvGnCbw9SGw3zV%2FyMjk0gvzqEzucdt4zfciLLVT9NEo8I%2FW5Sh3mjwoPiJ9mf%2Bw02neJHRVeQ8e7TOZY3Jy7dv86am8jUvwO2%2B1nS87z4wqA%2FWQUCYE1L3vAnn35Ltgnx1FDIXRepEYPATO8VjzZ1pbSVqmQxDd9%2FQD%2BlDr4aXgsKcWXclOrwVF6tKqXUC4UwTp4oX3vdUvtiCSyvEuwMmmM%2FqtQ%2FX%2FofCxQljHENGWbNcmCs3PevLGFFMUXLz%2BBSY414DwIw7vQJFdWNHbhBhHeJ%2BNqTA%3D%3D%7Ctkp%3ABk9SR_aKreK-Zw,REJECT,Hard reject term: lamps
Yamaha CR-400,Yamaha,receiver,NEW 5 Replacement Incandescent Bulbs Yamaha CR-400 CR-450 CR-600 CR-620 CR-800,11.5,2026-05-01T00:00:00.000Z,,https://www.ebay.com/itm/225359795614?_skw=Yamaha+CR-620&itmmeta=01KQV2B8N8SV41F97F5634V3D1&hash=item34787d959e:g:GO4AAOSwBHpn8Kj9&itmprp=enc%3AAQALAAAA8GfYFPkwiKCW4ZNSs2u11xCKExKmSdoPK6u%2BH%2B9fz0NHmKQHEcFXlRXfx%2BbgwXQ6N1H6An2DSi6Htn9%2BS9HvHSYtw5c3hB5UyRb8tgcT%2FHLIil3sBDRlHct59hLeoAFeKd6VTa1f%2BMQsHhFes8Wq6E1TivoaNzsv3GsgvLiLh4%2F5TWGWJQYMtl7JXRoUpTK81fdz1X9BX%2FLAaUE4qGuzLeJ1%2BARe8gaXadQ5Pgy9dicBS874VfmVMhFxrlj5bjqmVuSh5cP5XPydkex8kKpczUn08aWj5S0GZoQ83xBiAK1Yh25pY33Y4IDBvRQF01ETnA%3D%3D%7Ctkp%3ABk9SR_aKreK-Zw,REJECT,Hard reject term: bulbs
Yamaha CR-620,Yamaha,receiver,Vintage Yamaha CR-620 Natural Sound Stereo Receiver,150.0,2026-04-30T00:00:00.000Z,,https://www.ebay.com/itm/147283964995?_skw=Yamaha+CR-620&epid=1901466828&itmmeta=01KQV2B8N8R6B4P18W1P0X9AE5&hash=item224acef443:g:-q8AAeSwKE5p8hOa&itmprp=enc%3AAQALAAAA0GfYFPkwiKCW4ZNSs2u11xBfm0loFmK5PHrtIrDjaL9pAfJV0eg%2BheQBpLV5898MmdRzm4sBysd194WOGQqce9%2BuFHpSpITIpbVVnt77qWTDLFOjOXJwQZiysOxlSTQ39LcX4t82M3QyQrHVxBfgULHCjCBgDrWKg%2BQZ2iVxdskJ%2BPkHqgYAKqolgEKPrSWcum5NhDlR%2FoQScuUp3rHpRJuVoWA%2FB7JFQJsDc8kUBDcnYkltaUD0f4uMMWq8jlGVdkCJXjPBf4FTwivxJhY0FXg%3D%7Ctkp%3ABk9SR_aKreK-Zw,FULL_UNIT,"Exact model, no hard reject terms, above price floor"
Yamaha CR-620,Yamaha,receiver,Vintage Yamaha CR-620 Stereo Receiver Wood Case Serviced Clean Works Japan 77-79,390.0,2026-04-30T00:00:00.000Z,,https://www.ebay.com/itm/137267893303?_skw=Yamaha+CR-620&epid=1901466828&itmmeta=01KQV2B8N85W2JW50TJAWJHF1X&hash=item1ff5cdd437:g:bUoAAeSw171p80AZ&itmprp=enc%3AAQALAAAA8GfYFPkwiKCW4ZNSs2u11xAerERtj8wXD0ZE%2FcGwAcF%2B3k71YvmfdRM%2BhR63%2B7rw7UUcEuh1Ep7Jv%2Bd3yq9Ag5LXe2h6hn44yr%2BRmrayQihv5X8XiIFGkFnifsN4IEnHvDA7DCi8zVRy3MFujCd5jPV%2BEESoy8nxJExAHh5Hvi1pM%2Bdoo7Aa58LzyOazov40wTqM01GXqoMp4TtN9cbO5KOA7XHeZrGWD%2F5misMX1P45QxVCnPderAoobECm5YSjSpBzQPozMjjrwHMlTbt3tn7hEjf%2BeVQUMICF1eWTUH7zTokHwjb03adoQ%2FRwFU2CiA%3D%3D%7Ctkp%3ABk9SR_aKreK-Zw,FULL_UNIT,"Exact model, no hard reject terms, above price floor"
Yamaha CR-620,Yamaha,receiver,YAMAHA CR-620 AM/FM STEREO RECEIVER READ DESCRIPTION,120.0,2026-04-30T00:00:00.000Z,,https://www.ebay.com/itm/227323944561?_skw=Yamaha+CR-620&itmmeta=01KQV2B8N8788XCQJMA48RWZF1&hash=item34ed901e71:g:tPcAAeSwSQRp8-a-&itmprp=enc%3AAQALAAAA8GfYFPkwiKCW4ZNSs2u11xA2r4CLmK6lxQXCwuioNxio%2FO7CwfaePijFZEWVn%2FJpor%2BgtciIResAoQZXwiEWs%2B8P7bzRM1HUwytffGi4zMgvPAI%2B%2FLHec8%2BfBifKx3bH4sVtNYd4yKM8NQdkfeqMuGBFNecW02SQsLtEmL2Z3G4FA2bigc2s6LI6X0m%2Bs1xwhAXXNGCBbspxnoNm7oWKKxamusJJ4gdnOPQPuftj5sGSeBqkTTBzLA1q4q9ek7G5%2FM29SJcBYCjkYBKcsj%2B5LI3ARy5CWcmGyElSxetZWzAcBaFRkrvxQhteGvV5XcGK9w%3D%3D%7Ctkp%3ABk9SR_aKreK-Zw,FULL_UNIT,"Exact model, no hard reject terms, above price floor"
Kenwood KR-6050,Kenwood,receiver,"KENWOOD KR-6050 Stereo Receiver Tested & Working, **See Description**",255.0,2026-04-12T00:00:00.000Z,,https://www.ebay.com/itm/389841171114?_skw=Kenwood+KR-2300&epid=1453581121&itmmeta=01KQV5DWGAZZ7FHTFA7K292B9F&hash=item5ac45832aa:g:NKEAAeSw0Wxpz-UY&itmprp=enc%3AAQALAAAA0GfYFPkwiKCW4ZNSs2u11xCnQuX%2BAiF7nAdJygr71E0nYidBB5kv7IinYA9SPGpDXRK0k62gydIcU8xcpyj5NUVD2M22DqkBR6OF5UJr660n%2F%2BUQC92oFDK8ybdfltv%2Bweb5xGawzfaelXiLRyQTDbvk%2FUcaeBY9VsuYWouOOSyTo9KMvkwx6U1j%2B%2FxYoyfsMMtpSi77ws2aAf788zgYe%2BKaFpQ2b3Q5aaStuAV1BXaZRASnS3T5VHNUwgBjDzqnEcB3PoDH0tSqUGsr8b77Hlo%3D%7Ctkp%3ABk9SR8TIt-W-Zw,FULL_UNIT,"Exact model, no hard reject terms, above price floor"
Kenwood KR-2600,Kenwood,receiver,Vintage Kenwood AM/FM Stereo Receiver Used Model KR-2600 1976 Trio SWEET!!,137.77,2026-04-28T00:00:00.000Z,,https://www.ebay.com/itm/397880461094?_skw=Kenwood+KR-2300&itmmeta=01KQV5DWGAX9JH3CKPVXRZCTW7&hash=item5ca3860726:g:gL4AAeSwsotp7TzM&itmprp=enc%3AAQALAAAA8GfYFPkwiKCW4ZNSs2u11xB%2FVM%2FJ0xBGmt4%2Bd62I8aCnUVgYesLuZNsKV9tVYNMPAXfx%2Fp5d4bpUdB%2FFpIw1N9U%2BmVS5pmKQ8J21Ka0O6LUscvb7wNsofs%2BcfwsBVeenSO3CF2EJqggrKcL1DFcOwRNS7v0fJ1nuQlfW6rtnLUkdZXHilw5LpUaUAXWnnpj2smj7wQ%2B%2F6uApo%2FgHNbCOJwW5%2BNN7IUexEQQ1SLzL7ijjug7kGSNqE4Ys4oaBnc5Sj%2FXMAt6LHSnseJuhxgyEbT%2F72OBShmeu6FU5YLjPwZNMSitFV7cDnJ9NapliSHfe7g%3D%3D%7Ctkp%3ABk9SR8TIt-W-Zw,FULL_UNIT,"Exact model, no hard reject terms, above price floor"
Kenwood KR-3090,Kenwood,receiver,Kenwood KR-3090 AM/FM Stereo Receiver,145.0,2026-05-04T00:00:00.000Z,,https://www.ebay.com/itm/327138483486?_skw=Kenwood+KR-2300&itmmeta=01KQV5DWGANV4GF4A1HDJEYRW8&hash=item4c2af91d1e:g:WXoAAeSwHUxp9~ZZ&itmprp=enc%3AAQALAAAA0GfYFPkwiKCW4ZNSs2u11xBipDXMvsEnt0NRlytU2ol11t2U0%2BlFkuxGsyz51alG6Rq6pXEV2m0caa7XmE1hgMyRL56ujgNXkfZHe%2FLfJdzVEd%2FBuW%2BCiQAHEuqPWGtHSZjS0K%2FzrC%2FeddMxbyf9FiHeZ%2BrRBqnHhhg5M79m06GkZlh0cx3utscvaj9Haga4%2FqnqzR89gx6mu7oO2IPXO9jctNgAhMtGYR9PY0KQQhcpXFHJr4PZi%2FVs2Pg3e%2BC3%2BdsbfGsdDAF0G%2FSC1fGl%2BTA%3D%7Ctkp%3ABk9SR8TIt-W-Zw,FULL_UNIT,"Exact model, no hard reject terms, above price floor"
Kenwood KR-5030,Kenwood,receiver,Kenwood KR-5030 Stereo Receiver,102.5,2026-04-13T00:00:00.000Z,,https://www.ebay.com/itm/306859711412?_skw=Kenwood+KR-2300&itmmeta=01KQV5DWGAKJ8BJRSTP2QCFQ4Z&hash=item4772439bb4:g:AEkAAeSw61dpzuOy&itmprp=enc%3AAQALAAAA8GfYFPkwiKCW4ZNSs2u11xBbbnCs5VlR5jyIOTvvt008%2F51TWgG0u9EALldxgTjcpltjQoABFY9DVLhNoWuraY7Jfz1ikXSAdhKCwxDbpqI0jSY8ky7mmM6hXCwIeIOvEt6xM%2BuyFytLNB9Lp7vvCqf8FZL8cHR296r7bpRgYM2TvfpRivB3CEYe99dZSkgqI7H46VQogDIrYnGkKxP%2FinoA11zOw%2BiFE1%2BAe1xAeFKmI7u8L5mOoeEo7uvVylxsalggTmR5kJhY7%2Bfd%2Fh9vwiMPmTPCQPpj9n9a7YarGTgFYbhahUm4pkRVv9EwO5uZ0A%3D%3D%7Ctkp%3ABk9SR8TIt-W-Zw,FULL_UNIT,"Exact model, no hard reject terms, above price floor"
Kenwood KR-3010,Kenwood,receiver,Kenwood Model KR-3010 Receiver  Vintage - Works Great Sounds Nice,150.0,2026-04-09T00:00:00.000Z,,https://www.ebay.com/itm/198050332326?_skw=Kenwood+KR-2300&itmmeta=01KQV5DWGATSFBV6A48QJEHH3H&hash=item2e1cb83ea6:g:SlMAAOSw1aRnhrH0&itmprp=enc%3AAQALAAAA0GfYFPkwiKCW4ZNSs2u11xCYnD21FLdmbkdWWgvNbDZSIqtScy1IKtDDfJ2p%2B2MjOSwUQ%2BhinsSwcMX4qwkKV3U2C1Yzkc1nyIye4pqqqB7hoz%2Bd9TuBM36VX9Cuoz29EXL2gUwFg%2BEzYMCNxss8noBzDG9%2FepudssLWmx8Frdz4smmqFND%2ByKeV9pxvLC6KQwu7A9Dx7gLAWZU%2FQmALIbKrO44yuuMmqz3yZSK6BqGwYdKcKWGp%2FN5Uswya0Csr8sH36F4Jl2cdo3Mcdz3GFQ4%3D%7Ctkp%3ABk9SR8TIt-W-Zw,FULL_UNIT,"Exact model, no hard reject terms, above price floor"
Kenwood KR-4070,Kenwood,receiver,Kenwood KR-4070 Vintage Stereo Receiver Complete Knob Assembly,48.95,2026-05-02T00:00:00.000Z,,https://www.ebay.com/itm/298237258348?_skw=Kenwood+KR-4070&itmmeta=01KQV5DY181P72YYH9BWW6YTSB&hash=item4570536a6c:g:IJcAAeSwWz1p4sRS&itmprp=enc%3AAQALAAAA8GfYFPkwiKCW4ZNSs2u11xBwsZWC7JX42pyaJMNQXCWGyOFVC7%2BhhMA%2BuC9F%2B840fSxZ%2B5M%2BS8MH4IUhZiri8kwOrepguERZDbPepbmhLJkKT6grsyq6XIde8Iyc4BqzVYI%2F3oeSPFmq8A45kgCWddLf1aJumvFHONuZVb6EIuqWPN9ApN5uPwEcqX2RDgkNXWNp9Yy9hLpUryONAXizIABCFbQt7PB7qDCS747i5V5oW6qvGRJdWqUFP0xaKdlZlHEbk35DZ2vkb5vyP%2BQx4p2HN88Tsf0RiT9kZrtGOJ1zlH6oJutEbei%2BBS6Ws1GHXQ%3D%3D%7Ctkp%3ABk9SR_jgt-W-Zw,REJECT,Hard reject term: knob
Kenwood KR-4070,Kenwood,receiver,Kenwood KR-4070 AM/FM Stereo Receiver Perfect Working Condition,249.99,2026-04-29T00:00:00.000Z,,https://www.ebay.com/itm/389591605440?_skw=Kenwood+KR-4070&itmmeta=01KQV5DY1835EPNQRER518KW0A&hash=item5ab57820c0:g:zqwAAOSwFEBkxakC&itmprp=enc%3AAQALAAAA0GfYFPkwiKCW4ZNSs2u11xDXLc4F7vBKopBZPXOXBpOxiSrl2YPI6IxFB96GERJTzpf3k4f3eeJ4g1xdhyDsW9gzzebdfyEMwGtrTGqcl63KK5qLgky2M8LF0J1W%2B2m6CHbYzSbcd%2FQbAKrSOudPmNoeGc5ev%2BS8d81S%2FO0sH%2FzhDKf6sUVv4h00VaWVbGl%2F3D6WfnvZqt%2FzcukUL3BXGLFw1HxRA7%2FgICaLofdS8j1E8KottR6VL%2FcermD55cxzw3eQnwdUJwgC82WG2PChyw4%3D%7Ctkp%3ABk9SR_jgt-W-Zw,FULL_UNIT,"Exact model, no hard reject terms, above price floor"
Kenwood KR-4070,Kenwood,receiver,Kenwood KR-4070 Vintage Stereo Receiver Parting Out - Set of 4 feet,22.95,2026-04-23T00:00:00.000Z,,https://www.ebay.com/itm/298237244253?_skw=Kenwood+KR-4070&itmmeta=01KQV5DY18DE8SE7JH7HRKXHT8&hash=item457053335d:g:ww0AAeSwHPhp4sLt&itmprp=enc%3AAQALAAAA8GfYFPkwiKCW4ZNSs2u11xAQd6ro4jIfo67E3jPFbbh95Rkl5jyIaHLsPjw5YzMgYgESGwgN%2BLchsYikY1gWMxVCgBA6gIUHGmUNeB38g4iNlZ6OS7wLRkRPTnRq9ZuSBM04c5fg%2BAehg0wbvuZrtrrpO8KQg3upI%2F5%2BYjJb59oLsHD%2Fg3SDikRtKtis3AiNBeGd72PL4h5OURG%2B%2Bm%2BCDIO%2BfpaxOSP%2Bg8I4K0Wn7axLk%2BG7zv8UTWc%2FQoFa8gw%2F%2BsTCnJ1YHKOZfAKHYhuGjNHoGbT7H24E8bR%2FGLtNtF7oJwzbwYZD75E5k2pmvVonzw%3D%3D%7Ctkp%3ABk9SR_jgt-W-Zw,REJECT,Hard reject term: feet
Kenwood KR-4070,Kenwood,receiver,Vintage Silver Face Kenwood KR-4070 Stereo Receiver GORGEOUS Sounds Great!,375.0,2026-04-20T00:00:00.000Z,,https://www.ebay.com/itm/267644614278?_skw=Kenwood+KR-4070&itmmeta=01KQV5DY18DWZ6FJ3XBNE6GC9X&hash=item3e50dcb686:g:CxEAAeSwtppp5Qdz&itmprp=enc%3AAQALAAAA8GfYFPkwiKCW4ZNSs2u11xCdnsMv66d1G0qybTlgFx4qAknWpSh0xMzLnJP80mz6vKpZ40y3ZOdHeChQXdc2kLtfd39Bq2JsoEu0tR1DtPwjMStLi7yKI2IIRnbYxqPTnsntT1G%2FBI7ks2XUTdpepIlkYignATJIf5N7K38jKx7U1kbWqBLZkVY5ri1CYpdqHZanffSmLvnVKAAJ7h3j46DpDM8bp9jiKXgTaXoj9Fgb2VQXwPVocr09cNrSIzlQ%2FUb9HvYAqGtzoGaiU8ti47GUqdLhgqH%2F2bG0yBPg04QOXnQ9vwFDlrX3NZaRUS6M5Q%3D%3D%7Ctkp%3ABk9SR_jgt-W-Zw,FULL_UNIT,"Exact model, no hard reject terms, above price floor"
Kenwood KR-4070,Kenwood,receiver,Kenwood KR-4070 Stereo Receiver For Parts Or Repair,90.0,2026-04-20T00:00:00.000Z,,https://www.ebay.com/itm/127815588233?_skw=Kenwood+KR-4070&itmmeta=01KQV5DY187YT7HJXQZ2NY57G8&hash=item1dc2671989:g:k2IAAeSw7aZp4oPO&itmprp=enc%3AAQALAAAA8GfYFPkwiKCW4ZNSs2u11xBRjz6I0FBGe89rY2HbiK2139NlkEQbVilVTzyWx3Si4Fwilxy0SoZewhUGTURaz4r%2FjAzH7x1cftkHG9D7gHuE1wUIp6m3vs2z2HWmFPHJUYukMSpqCtx5JA%2FcgAF4V6%2BX1SIT%2Bb90aUf48yVwLqxzYA5zTfkmUyw9LhB82fW03ePDVSAiG9ly0BrIw94q5yoKVZlkH9R%2B%2F8nas8132wBY%2BJ2A4KKrI5%2FieTuBQfj3mBlEFKftlveNAOJGLXvmr%2FhaMavEenfUmpwkjkfnO5N0ykfdj7tYUdTsX6szNvTing%3D%3D%7Ctkp%3ABk9SR_jgt-W-Zw,REJECT,Hard reject term: parts
Kenwood KR-7600,Kenwood,receiver,Kenwood KR-7600 Stereo Receiver Parting Out - Sound Inject Knob,17.95,2026-05-02T00:00:00.000Z,,https://www.ebay.com/itm/306502072468?_skw=Kenwood+KR-7600&itmmeta=01KQV5E209XAD264K96KVWHNHB&hash=item475cf27894:g:50MAAeSwDN5oygDI&itmprp=enc%3AAQALAAAA8GfYFPkwiKCW4ZNSs2u11xDV0R3s5hxqIYcczCmxX65hGXpee9vbl2CanuXgAYsFaMVWoLNt%2BfAN3g3gZu8lN%2BOTVPDhYcmxhmCMMexupuO%2B2A%2B11KpPbe0Na3YJQAYzRvlDbOGKuILKHZCPIv9YMl%2FrQYFXY3IT4y4vAq0FJ8MnpDa7v4XuNXPO6o3CosPDoroVEu2xS6F%2B2BeBds7%2FQyJuM0K%2BG%2BzkhZw43qnaRAfCqdUYPEyhcNVGSzm9uxWltaZokbNsUu4EYgAS57aUsSY31ZdOSHRT6jKhUsBVJrjVy4XKIMDHwzM%2F0FtNCHM%2Bsg%3D%3D%7Ctkp%3ABk9SR76guOW-Zw,REJECT,Hard reject term: knob
Kenwood KR-7600,Kenwood,receiver,Kenwood KR-7600 KR-6600 Power Supply A Capacitor Kit High-Quality Receiver Recap,20.0,2026-04-27T00:00:00.000Z,,https://www.ebay.com/itm/113981246296?_skw=Kenwood+KR-7600&itmmeta=01KQV5E209ZSVS14F3NBRQ20MT&hash=item1a89cfcb58:g:Ea0AAOSwnY1d1ped&itmprp=enc%3AAQALAAAA8GfYFPkwiKCW4ZNSs2u11xAsT1lJ8umckJ99Ls4gowIwjZ95tED%2BgISt5kcF6mGFwtPGXbCTgPeOjusJkT4iuRUsvqDok8UFIf5T5yMpAs%2B9b1cSPnwotpRPWBLp1CO9%2FM%2Fr121Z6T7DZw9vKYTcbSmgNgpcZ9Hsf0l9PeLXyVloaa%2FvOSpPHb66XS8qxmcbaD0Y78g2XbdyQp6Tvq28RIdF%2BZ9cxWXf5x6XLvtYPOV56%2BrV2hqTrFmCn5RMo2m7eGck1uLW3rZQBZK5kMLoOByDrnfqVsI8O6UxRlFtdlY2KCNA2WfvbesgJfS8xfsiYQ%3D%3D%7Ctkp%3ABk9SR76guOW-Zw,REJECT,Hard reject term: kit
Kenwood KR-7600,Kenwood,receiver,Kenwood KR-7600 Stereo Receiver Parting Out - Speaker / Tape / Volume etc. Knob,18.95,2026-04-25T00:00:00.000Z,,https://www.ebay.com/itm/297616119661?_skw=Kenwood+KR-7600&itmmeta=01KQV5E209H6PF36EAHJS35BGB&hash=item454b4d976d:g:6tEAAeSwR~doygGZ&itmprp=enc%3AAQALAAAA0GfYFPkwiKCW4ZNSs2u11xAsxvbOYOEoi%2F56jmtEaVAI07RF4dJcTg4qzw52zc20QaNjReUY75xr73OaS6EuZTYimi8OBI2UeYf8KIXtJArOlMxZtIHXVfkpcek6pkAlgEMAVq%2BWar2bRz7SkYD3EqKe8QD7p2EU9KEnidHyxzjvitETVSZLzRTDfBGu4ArEPuOgY8sMwyOTWoF0df1o2kZI%2Bdnc880y0v0xtVg35LH9OLHKl2LIvL24SuHnAv%2BCLiYzaLM0WsWkKhlQDKYqNuQ%3D%7Ctkp%3ABk9SR76guOW-Zw,REJECT,Hard reject term: knob
Kenwood KR-7600,Kenwood,receiver,Kenwood KR-7600 Stereo Receiver Parting Out Tuner Board Unit X05-1320-11,49.95,2026-04-24T00:00:00.000Z,,https://www.ebay.com/itm/306665214881?_skw=Kenwood+KR-7600&itmmeta=01KQV5E209M9BF88BXP8DP0G73&hash=item4766abd3a1:g:6LYAAOSwYk9l7gk3&itmprp=enc%3AAQALAAAA8GfYFPkwiKCW4ZNSs2u11xBw2u%2F0zJFwFh2ct%2FSjmLoVDyppaRlhO0%2FuOjmBs2n%2BG3JEcWKou0G9WzlxJ45UDkSTT5e8rrinkzTn2hT%2BYwCCXSWohHwSzkB5ZG7xB9TkSDaSVgHLBqbNHm%2Fz3%2B7n1fPmim%2FyM%2B3%2F1n98gbRcHQSpLYpSxno1BnBdy4HrBJw53p2BsO%2BhFfTQOyNI%2FhUYFgfcsGX1hoeTjqR2HNzNPdblWx6vJkTdh7ChPT%2FvTw1BI3lwJhF98Bmhe1uBIhEDIDAgTlV7wp%2FgsBv1Bck%2BKVBajILwdaTPaBBGMD5JOHtNVg%3D%3D%7Ctkp%3ABk9SR76guOW-Zw,REJECT,Hard reject term: board
Kenwood KR-7600,Kenwood,receiver,Vintage KENWOOD KR-7600 AM/FM Stereo Receiver - PARTS REPAIR ONLY,399.99,2026-04-24T00:00:00.000Z,,https://www.ebay.com/itm/178046259734?_skw=Kenwood+KR-7600&itmmeta=01KQV5E2092E6X27P43EX2YZMJ&hash=item2974625216:g:CSwAAeSwgIRp3SmI&itmprp=enc%3AAQALAAAA8GfYFPkwiKCW4ZNSs2u11xB2a6c4vt67%2Brz0Hefn%2FIeCSZ%2Fg6blk6Y42H2%2FZU97DHSdfd%2FMZdE9gUXlxZ8s9FKvfMfqntnsJhCuMdBbPh5yJnUnQUOIvrSRDVjA6WBUwxS5%2F0w22vhbb97Chr9oV0K8GEFV%2FDXgQ4Dl%2FLFfaFdPr7L7MtZvWIxjNv12FKk1UT2jVdCDdEpKDke4jZHlZGsudWTHCV%2FmtEbuhUypSJisl20p4AVhZ8otJMy6fsmnh2WEAgi6vSLHYFGBXzCvbab1Jp42P1ZXPFtRmeFclIkFtFG1f9yp78FW8f5TGtPXxTA%3D%3D%7Ctkp%3ABk9SR76guOW-Zw,REJECT,Hard reject term: parts
Pioneer SX-636,Pioneer,receiver,PIONEER SX-636 UNIVERSAL BASE FOOT SET WITH SCREWS AND IT CAN FIT MANY MODELS,13.77,2026-04-30T00:00:00.000Z,,https://www.ebay.com/itm/365704540369?_skw=Pioneer+SX-636&itmmeta=01KQV5E37PBBVDDNYC3KEBF1YT&hash=item5525b070d1:g:0d8AAeSwSwNoY~Zy&itmprp=enc%3AAQALAAAA8GfYFPkwiKCW4ZNSs2u11xAVgsRQ3QJfc3l8tC4503fQr8%2FoJ5MZpwhdUFaFIasrjRgvDkDn4oBhpOdivjlKMHey%2BTmXwp5ryBy82dXj0GspzfEVogqX2o9FPmGvFhux8ITCzByAv1w%2FjJqM8jX8j08usKgv%2FQoV1bCT17w0EueHVDvTbeKGNHh1Oh2N5WTqUgjhZOUVAWg4SDQTIbvtLTyQMMSeMyKY50lIwy3l6CP7ak2lYVdRRyvP7Tr3xpnCAMNqDykzxWrG2x3K8Ag3y1xp8GwQ0ZJN2bEC%2BSmk2VhdlJbdZQgRuQ6DYvniQJisMA%3D%3D%7Ctkp%3ABk9SR_azuOW-Zw,FULL_UNIT,"Exact model, no hard reject terms, above price floor"
Pioneer SX-636,Pioneer,receiver,"Pioneer SX-636 ""As-Is""",83.0,2026-04-29T00:00:00.000Z,,https://www.ebay.com/itm/298259922750?_skw=Pioneer+SX-636&itmmeta=01KQV5E37PD4PMBARYQVSC83JA&hash=item4571ad3f3e:g:VyMAAeSwvb1p68fa&itmprp=enc%3AAQALAAAA0GfYFPkwiKCW4ZNSs2u11xBICe6U0orEZ%2BAfkokOVC0%2FArjmqsC6IH9f7vvOGZn9c3FD4YL%2FiwrRUSDRVxf8c5YvPEeApIkvmedDBOP2LtJqh%2BIiENzwiMJTqs8F%2B0co0TktdN3dy2Y4924UNfhAEShDG0PV%2FpWn5dwHq9lD5K9aiqUMCYM20dNdZW69FA%2FLN2aiQghmcWSkTOdOrQAcHtgHuKXHiz3wEhfeWbslkTxnioijCxNImIsBLRvSn2e9oFxL0ZiixCSNEgfROOnitO4%3D%7Ctkp%3ABk9SR_azuOW-Zw,FULL_UNIT,"Exact model, no hard reject terms, above price floor"
Pioneer SX-636,Pioneer,receiver,Vintage Pioneer SX-636 Stereo Receiver Parts: Original AC Outlets,3.6,2026-04-27T00:00:00.000Z,,https://www.ebay.com/itm/277739299126?_skw=Pioneer+SX-636&itmmeta=01KQV5E37PABA0J2RHY9WM0B6N&hash=item40aa8d6136:g:QDoAAeSwy6hpl08U&itmprp=enc%3AAQALAAAA8GfYFPkwiKCW4ZNSs2u11xCuCqvCvN60gOIUVSVC1ixWe69vr9gbO6zhBZnnb07YDuNhVWAPdtg27BgdyhsbLt%2FjPOdTzl8%2BtnXMH63o7kvTFIxX4T0ey0v7jU1BUDFX9XUrVGWEHVW5zx73n%2FpDspMXZiOcKtMGTIu3u4GBLtjrgDCvUA%2F%2B60j2u6Shky%2F%2BqzSe1a%2BTLDY%2Fn58PE8vnGg72PLQddn05xCp64CbJgy2iEsHRCC6ANMndmQdwCtZUAQnfX6hxfVTbp02KweddupkV49bUOPC7RFG%2BOOqOfLUTttlW%2Fqrw98K8fXZItUFHRw%3D%3D%7Ctkp%3ABk9SR_azuOW-Zw,REJECT,Hard reject term: parts
Pioneer SX-636,Pioneer,receiver,Pioneer SX-636 COMPLETE Rebuild Kit High-Quality Receiver Recap Caps Transistors,90.0,2026-04-24T00:00:00.000Z,,https://www.ebay.com/itm/113949496361?_skw=Pioneer+SX-636&itmmeta=01KQV5E37P1ASFHG3Y0N02JZXW&hash=item1a87eb5429:g:PxoAAOSwa1NgbF5w&itmprp=enc%3AAQALAAAA0GfYFPkwiKCW4ZNSs2u11xAFvHOicOennR63ZO%2FcudpXh5ukmXXnKwcLTjWar0zrMn6bs6rGAbRDMf9kpuB6rEiBQDTncupIoFOTINXVA8XRiX3ib8CCj5UFpWgH22hKcRezU6rcTaK7rGtiuJWXbPKfSoO3C1boH8zmu94EWdF1htdVLrVH1%2BxSQE91X17XoeJyY6AvJiriZiZrFwWYL8zf5RVOAUn6%2FJXK5KVYrlLWEJjMaz0unIO1oGlor17LC7LwdCJWL2IUzGFs%2BdtlPZ8%3D%7Ctkp%3ABk9SR_azuOW-Zw,REJECT,Hard reject term: kit
Pioneer SX-636,Pioneer,receiver,Pioneer SX-636   Tuning Pulley & String & Dial Pointer   AXA-015 & AAF-020,32.89,2026-04-22T00:00:00.000Z,,https://www.ebay.com/itm/137229688431?_skw=Pioneer+SX-636&itmmeta=01KQV5E37PWZHC7BB5RTNXC7PF&hash=item1ff386de6f:g:oZ0AAeSwIJ9pQZx0&itmprp=enc%3AAQALAAAA0GfYFPkwiKCW4ZNSs2u11xBha4wO9i7c5fn2I09Q4hHLVoYC5pnc9yFQwhF%2F5KJv2D%2FQCON0Dkm02wO8WA%2F4Uo%2BhjmYSPPE2ygj3A%2FuuDZYxZsuuqhwWeZ3hID8zSTyGxFcr8Sz62%2FKTrQtpN5kDFqWe8xp0at%2Bp5MPh7kUuCcxdIi6ogcN4iMMvuQFZU3c%2FXGUiWV7sdImvSi%2B9tv5%2FNeuRIELppBkNF0x9%2BFsKQlZAadxU1BYXNWmMiN%2F1Oua7HG08yjgkLRiP4Ev7ZLL6tcc%3D%7Ctkp%3ABk9SR_azuOW-Zw,REJECT,Hard reject term: dial
Technics SA-5370,Technics,receiver,Technics LED Light Kit SA-5270 SA-5370 SA-5470 SA-5570 SA-5770 3 Festoon Lamps,7.0,2026-04-30T00:00:00.000Z,,https://www.ebay.com/itm/116381851113?_skw=Technics+SA-5370&itmmeta=01KQV5EGSVKVRB2N961D7PVNF8&hash=item1b18e61de9:g:mXQAAOSw~itlF03g&itmprp=enc%3AAQALAAAA0GfYFPkwiKCW4ZNSs2u11xACecdIi4SeeiaX1rm3DJ3GlLJQ69GtXQWs9XCBxZWlDUz6BSF9%2BLW9ras%2FzoLGe16PJqu7g%2FZu8K9kSbJ25Cj0SvcANV3qicCZZikxhgFHd1ZGIZtWXSrJAXuPAODLie3LI3SAGf2E8EKGgHvl2DInhA%2B236EJJ3Dz2U5nnhi1lzntUTKhxAAs4mFD7XOO7bjNkxTsmpBMl63p8vIBwHpjYxeBaWG0mtP85iRL2vV2U28nJFMplqS5gPEAgpxCZd4%3D%7Ctkp%3ABk9SR5KNuuW-Zw,REJECT,Hard reject term: led
Technics SA-5370,Technics,receiver,New Technics SA-5270 SA-5370 SA-5570 Front Panel Lamp Light Kit (3 Festoon Lamps,7.0,2026-04-17T00:00:00.000Z,,https://www.ebay.com/itm/116381850696?_skw=Technics+SA-5370&itmmeta=01KQV5EGSVKP460AX7ED9WDVGR&hash=item1b18e61c48:g:rfkAAOSwwYdijRaB&itmprp=enc%3AAQALAAAA0GfYFPkwiKCW4ZNSs2u11xAnAy9kCNlVVP2URX53uVSMuxD7%2FSktnb0sVCURqPUI4QCksC36yyQjF0vt%2BsQLTJNx8JyOf3AUXyblZwJvPS6STxohhmWU3EM8sNXIpBsMGFJq%2B%2BjsiBnTQQDGcIe%2BrRDNzcAbcmsT59DZXuMG0Fg5o1CMMe226rp79CNoxURSo4xGqgctwxhC2NaHthuzvl%2FxAsPCp5CFA2eX4t5nsgWJ2ZQVDduD0SvRgH6%2FgLecmx9mRgZu2mmHlbayyhA6QGk%3D%7Ctkp%3ABk9SR5KNuuW-Zw,REJECT,Hard reject term: lamp
Technics SA-600,Technics,receiver,Vintage Technics SA-600 AM/FM Stereo Receiver Tested 🔆tested🔆read Desc.,299.99,2026-04-24T00:00:00.000Z,,https://www.ebay.com/itm/117159302564?_skw=Technics+SA-5370&epid=1801594007&itmmeta=01KQV5EGSVQK6PFR68W6795BZK&hash=item1b473d15a4:g:0y8AAeSwhANp6oRW&itmprp=enc%3AAQALAAAA0GfYFPkwiKCW4ZNSs2u11xAZQMUaMN5EHPcq0wQNrbGiSGQ8YCCczV5XjHbCe69LWEdQMMmA3NFqB5UFj221%2BTbXcHZUXlhGVmm1%2FDmaRlqDJ6qmhv%2B8vkM8aGY%2BykLQAB%2Bi372%2Fh%2FtwHIpYAZ4jJzVri2jYD4%2BMhxWJXn4QiNX7t51sKXKeOCd9Aql3a157Wxd24zW1BL6Mr64naMvSY175UhE8a%2F1w72KPkItGmNX0t1oxocTdRDoxUcfTai9VSXsaIqvrVbFHv2vuSXlgI4Y%3D%7Ctkp%3ABk9SR5KNuuW-Zw,FULL_UNIT,"Exact model, no hard reject terms, above price floor"
Technics (model unknown),Technics,unknown,Technics SA-GX230 + Remote control - untested,87.91,2026-04-07T00:00:00.000Z,,https://www.ebay.com/itm/206117700870?_skw=Technics+SA-5370&itmmeta=01KQV5EGSVN9GTH96J9PPM99CQ&hash=item2ffd928506:g:I2UAAeSw3RNprAXI&itmprp=enc%3AAQALAAAA8GfYFPkwiKCW4ZNSs2u11xDt6ez%2BqGhyV9ABpr%2FqHT49Gl%2Fe6TtAmesRhjxGbo%2FVvHoDKsTs5oudgcmjXzwaZZKlIsvdWqMgSjPAW07dd4vwOVr%2BAVYx4f3lBFqMOo0dnMr8Tf8dZ1OATgZPJxsNTPbt5TDfBQcIWt8EfIfXbkxFQytZJYl%2F5WG27Km82ec5Sw56kzJmofoFkeANAoVHTOtSO7gy9ncTcEvXFaYt5T0T5E6qKIBGtomDzZcfkySw%2Bsu8vJxuoB%2B1yv4C2n61GKvK7e4489kl2BUkF7w3Bld5cK4OuWsfLXxsjwRtrgL37A%3D%3D%7Ctkp%3ABk9SR5KNuuW-Zw,REJECT,No exact model detected
Technics SA-400,Technics,receiver,Rare Technics SA-400-FM/AM Stereo Receiver / Amplifier Retro Audio R376,298.81,2026-04-14T00:00:00.000Z,,https://www.ebay.com/itm/236672612070?_skw=Technics+SA-5370&itmmeta=01KQV5EGSWWXGQFV5K2JAKYV9Y&hash=item371ac976e6:g:GpkAAeSw6Mhpqx1f&itmprp=enc%3AAQALAAAA8GfYFPkwiKCW4ZNSs2u11xCHd1tXq3KUQAj%2BB3AYL4XEAO1Vn8nbEcYONGvSemtXZAsKVT7cfTNeVVIzbVGP4zGKN3IuwZO%2Fr9ZWorGm5%2FQajMZjjFxlA7fBKSe%2FfkBcbBWxVQVkhmAQ00I6ZLh%2FOEcLOAmOC3fixPeOuOXpWbWGeyHRx36NW11yiDOtzlhElZzfq7LJ6S6bOCUOGkrepY%2BJklSqfBny%2BXu1%2BZoSz5e4O3mssHloGG0bBV2k3hUcHCkgHkIYydM1kXMoJtvJrw9gv5wkONU5qP8Zanq2B3eFphdLadydIOqjOANgFqmaNg%3D%3D%7Ctkp%3ABk9SR5KNuuW-Zw,FULL_UNIT,"Exact model, no hard reject terms, above price floor"
Marantz 2226B,Marantz,receiver,"Marantz 2216B 2218 2226B FROSTED LED Cool Blue Fuse Style, Light Replacement Kit",13.95,2026-05-03T00:00:00.000Z,,https://www.ebay.com/itm/116895728994?_skw=Marantz+2226B&itmmeta=01KQV5EGHGCMJNBFJ3ZFJC05EG&hash=item1b37874562:g:nG8AAeSwGjtpI62z&itmprp=enc%3AAQALAAAA8GfYFPkwiKCW4ZNSs2u11xDUB68x5N23OXZOafMbA77HUdiSfdADlddJQ4TcM2N1j73SlFRtxegQsLGhUH6pEflzGZi29nUi%2F0Cg%2BiiwbROpZ%2FjCF70HsyEfRJ4Fc6%2B8JkDUciegy8eQO%2FsH59eFnIM6qs8yuZdrMnuwJ7uF73n3wAXy%2B7neQpA6NND1QUkFcZopll%2FGHEwIfjUXj1uTmLsWZ6KncbYR2wD4PLf%2FzRqxS3tdT77ptllkOG6BgBekjaX9g8Ggu5l%2FLz2QV0CQgl2vIzPI%2FlMabJJV4QCX6fIRNeqrFiWGXSifG%2FHv0%2B%2FGQg%3D%3D%7Ctkp%3ABk9SR5qJuuW-Zw,REJECT,Hard reject term: led
Marantz 2226B,Marantz,receiver,Vintage MARANTZ 2226B Stereo Receiver FOR PARTS OR REPAIR,399.99,2026-05-02T00:00:00.000Z,,https://www.ebay.com/itm/147274889909?_skw=Marantz+2226B&itmmeta=01KQV5EGHGY6XXKP3FD8J2RCDH&hash=item224a447ab5:g:-MEAAeSwS1dp6oTk&itmprp=enc%3AAQALAAAA0GfYFPkwiKCW4ZNSs2u11xCDqhRvGXk6gaXv03xHjMO%2BLmWinC8un%2Fcwle%2FLzeiawqMSmmDExIo1qUWZiaK3AsC9iMxGRJ8eHKBKs%2FVdto1frFWauxxUBOcpTpTKZYLjnghcjtoF3cg4IJNm86vBLzSu0R%2FKcg73prDwQUFWSl10bABRrF4QjvDShHNcBeQUnMxwAen7TZNpkxWitgr7oL%2FcXVLOqMppOKPN5dn8ioKXno%2ByGOZP1kahUgQq23xRKbL3954EvEet2M8SDAmmxrM%3D%7Ctkp%3ABk9SR5qJuuW-Zw,REJECT,Hard reject term: parts
Marantz 2226B,Marantz,receiver,Marantz Model 2226B Vintage Stereo Receiver MPN 2226B Classic Audio Component,531.0,2026-05-01T00:00:00.000Z,,https://www.ebay.com/itm/227187482925?_skw=Marantz+2226B&itmmeta=01KQV5EGHGDFDXFHH9WKAGJEKX&hash=item34e56de12d:g:oF8AAeSwCBdpXdjI&itmprp=enc%3AAQALAAAA8GfYFPkwiKCW4ZNSs2u11xANMqEGW02oioLSNsw%2FQ%2BrGdcvQE%2FEwEzje0aTrCftHfX2wpFoPTYO5TChvwC59mwsbZLqXeZ8wYVohBw1Ko6ZFK2qlHYpr1yiojePxf2zZsFljREIh%2FGc%2Bopy94xFGfgsiIjyfJelveKg1u8tcgXkMqkTM7i4U1pfMvSliSw%2BYClwH6Dj4%2BNBguT4iX%2B3rKxg525yUGUQmAjT84P74%2F2GmG4L8%2F2IfnDoYLXHF%2Bzyzyf5XxRlHi2kiBPJhXAngnjCF3aoSODscaPwqayqmLuIv4Aj2oKWQOESYLEZt196dVw%3D%3D%7Ctkp%3ABk9SR5qJuuW-Zw,FULL_UNIT,"Exact model, no hard reject terms, above price floor"
Marantz 2226B,Marantz,receiver,Marantz 2226B 2238B 2252B 2265B 2285B Reflector Light Housing 2211274102,50.0,2026-05-01T00:00:00.000Z,,https://www.ebay.com/itm/227095173580?_skw=Marantz+2226B&itmmeta=01KQV5EGHG31WHER1J67V6HS67&hash=item34dfed59cc:g:vPEAAOSwVGFnIEJh&itmprp=enc%3AAQALAAAA0GfYFPkwiKCW4ZNSs2u11xCFGZJ9ZEyMwYAcOA%2FjsAm9ww3crTnQ4zRtexJMYmF5OIYkD2hirdIpxey%2BcEl3LeiWNQLvoKlHpg69V%2BW7se5x1wOetuM6MKHb1RFOvvY9hloN7WgW%2F0ho8fCUrzeGFkImHzSmc6BjBbyWOVADKel%2FyGOxdHA6X1h5glUMh6vcDzo%2F66tFuB8GegUoAf0hzGRoNcuf6q%2BS597j%2FEKj8m7e9Ke1ycJPn6TvcESt4%2Bi1HssV5p8qQMXx6AO7o%2B%2FGYig%3D%7Ctkp%3ABk9SR5qJuuW-Zw,REJECT,Below full-unit price floor for Marantz 2226B: $50 < $250
Marantz 2226B,Marantz,receiver,Marantz 2226B 2238B 2252B 2265B 2285B Reflector Light And Meter Housing Combo,80.0,2026-05-01T00:00:00.000Z,,https://www.ebay.com/itm/226740139679?_skw=Marantz+2226B&itmmeta=01KQV5EGHGTBRDEQVXM4BDSAER&hash=item34cac3f69f:g:vPEAAOSwVGFnIEJh&itmprp=enc%3AAQALAAAA0GfYFPkwiKCW4ZNSs2u11xBzOoMaI6mQFEOQyxIOpcWfX8GTE%2Fznb8Wm8UBpp8V%2BkVegj1fe383L0fOju2qU4P8YI1bQ55z3TNCfGaaGDtKFH1oLR2%2F5fP4sqytMg58g1AkJiJmsVwGtVp9f2WEiHWPqdsrBlFJv3%2FEcNQvcZ2%2BzsuxxfLyEIHl7WbOYo%2FdIrs1CgoJRVWkZ5eUzPtl6C0XYAnj7eI42vm2BjVOKk8zEc093iI%2Fm3hfkxkML1E9dyokZn1ayxGJoB8d7JllxqVc%3D%7Ctkp%3ABk9SR5yJuuW-Zw,REJECT,Hard reject term: meter
